Index,timestamp /s,[24Mg]+ /g,[25Mg]+ /g,[27Al]+ /g,[28Si]+ /g,[29Si]+ /g,[45Sc]+ /g,[46Ti]+ /g,[47Ti] /g,[48Ti]+ /g,[49Ti]+ /g,[51V] /g,[52Cr]+ /g,[53Cr]+ /g,[54Fe]+ /g,[55Mn]+ /g,[56Fe]+ /g,[57Fe]+ /g,[58Ni]+ /g,[59Co]+ /g,[60Ni]+ /g,[63Cu]+ /g,[64Zn]+ /g,[65Cu]+ /g,[66Zn]+ /g,[67Zn]+ /g,[68Zn]+ /g,[69Ga]+ /g,[71Ga]+ /g,[72Ge]+ /g,[75As]+ /g,[78Se]+ /g,[80Se]+ /g,[85Rb]+ /g,[88Sr]+ /g,[89Y]+ /g,[90Zr]+ /g,[93Nb]+ /g,[94Zr]+ /g,[96Mo]+ /g,[98Mo]+ /g,[102Ru]+ /g,[103Rh]+ /g,[106Pd]+ /g,[107Ag]+ /g,[108Pd]+ /g,[109Ag]+ /g,[112Cd]+ /g,[114Cd]+ /g,[118Sn]+ /g,[120Sn]+ /g,[121Sb]+ /g,[123Sb]+ /g,[128Te]+ /g,[130Te]+ /g,[133Cs]+ /g,[137Ba]+ /g,[138Ba]+ /g,[139La]+ /g,[140Ce]+ /g,[141Pr]+ /g,[142Nd]+ /g,[142Ce]+ /g,[144Nd]+ /g,[151Eu]+ /g,[152Sm]+ /g,[153Eu]+ /g,[154Sm]+ /g,[156Gd]+ /g,[158Gd]+ /g,[159Tb]+ /g,[162Dy]+ /g,[164Dy]+ /g,[165Ho]+ /g,[166Er]+ /g,[168Er]+ /g,[169Tm]+ /g,[174Yb]+ /g,[175Lu]+ /g,[180Hf]+ /g,[181Ta]+ /g,[185Re]+ /g,[190Os]+ /g,[192Pt]+ /g,[192Os]+ /g,[193Ir]+ /g,[194Pt]+ /g,[195Pt]+ /g,[196Pt]+ /g,[197Au]+ /g,[198Pt]+ /g,[200Hg]+ /g,[202Hg]+ /g,[206Pb]+ /g,[208Pb]+ /g,[209Bi]+ /g,[238U]+ /g
420,0.835720316944661,,,,,,8.91127324409951E-17,,,,,,,,,,,,,,,,,,,,,,,,,,,,,,,,,,,,,,,,,,,,,,,,,,,,,,,,,,,,,,,,,,,,,,,,,,,,,,,,,,,,,,,,,,
492,0.979661252700263,,,,,-5.73929863227703E-15,,,,,,,,,,,,,,,,,,,,,,,,,,,,,,,,,,,,,,,,,,,,,,,,,,,,,,,,,,,,,,,,,,,,,,,,,,,,,,,,,,,,,,,,,,,
705,1.40561953414033,,,,,,,,,,,,,,,,,3.61414395916028E-15,,,,,,,,,,,,,,,,,,,,,,,,,,,,,,,,,,,,,,,,,,,,,,,,,,,,,,,,,,,,,,,,,,,,,,,,,,,,,,,
871,1.73769462908421,,,,,-5.26143165654386E-15,,,,,,,,,,,,,,,,,,,,,,,,,,,,,,,,,,,,,,,,,,,,,,,,,,,,,,,,,,,,,,,,,,,,,,,,,,,,,,,,,,,,,,,,,,,
1074,2.14356546956953,,,2.32538203823199E-16,,,,,,,,,,,,,,,,,,,,,,,,,,,,,,,,,,,,,,,,,,,,,,,,,,,,,,,,,,,,,,,,,,,,,,,,,,,,,,,,,,,,,,,,,,,,,
1262,2.51947752173544,,,,,,,,,,,,,,,,,,,,,,,,,,3.57888185799357E-16,,,,,,,,,,,,,,,,,,,,,,,,,,,,,,,,,,,,,,,,,,,,,,,,,,,,,,,,,,,,,,,,,,,,,,
1326,2.64748589121806,,,,,,,,,,,,,,,,,,1.88335520197714E-16,,,,,,,,,,,,,,,,,,,,,,,,,,,,,,,,,,,,,,,,,,,,,,,,,,,,,,,,,,,,,,,,,,,,,,,,,,,,,,
1369,2.73349623445815,,,,,,,,,1.30712437168286E-16,8.1784368861795E-16,,,,,,,,,,,,,,,,,,,,,,,,,,,,,,,,,,,,,,,,,,,,,,,,,,,,,,,,,,,,,,,,,,,,,,,,,,,,,,,,,,,,,,
1392,2.7796337754021,,,1.29408073510731E-16,,,,,,,,,,,,,,,,,,,,,,,,,,,,,,,,,,,,,,,,,,,,,,,,,,,,,,,,,,,,,,,,,,,,,,,,,,,,,,,,,,,,,,,,,,,,,
1455,2.90548876097439,,,,,,,,,,,,,,,,,,,,,1.47200037293571E-16,,2.83096880105809E-16,,,,,,,,,,,,,,,,,,,,,,,,,,,,,,,,,,,,,,,,,,,,,,,,,,,,,,,,,,,,,,,,,,,,,,,,,
1773,3.54142266697899,,,,,,,,,,,,,,,,,3.41925830686802E-15,,,,,,,,,,,,,,,,,,,,,,,,,,,,,,,,,,,,,,,,,,,,,,,,,,,,,,,,,,,,,,,,,,,,,,,,,,,,,,,
2016,4.02736721830329,,,,,,,,,,,,,,,,,4.20988962338692E-15,,,,,,,,,,,,,,,,,,,,,,,,,,,,,,,,,,,,,,,,,,,,,,,,,,,,,,,,,,,,,,,,,,,,,,,,,,,,,,,
2081,4.15744790513335,,,,-1.62405448368575E-14,,,,,,,,,,,,,,,,,,,,,,,,,,,,,,,,,,,,,,,,,,,,,,,,,,,,,,,,,,,,,,,,,,,,,,,,,,,,,,,,,,,,,,,,,,,,
2147,4.28943024286262,,,,,,,,,,,,,,8.46640826278577E-16,,,,,,,,,,,,,,,,,,,,,,,,,,,,,,,,,,,,,,,,,,,,,,,,,,,,,,,,,,,,,,,,,,,,,,,,,,,,,,,,,,
2210,4.41535178834971,,,,,,,,,,,,,,,,,,,,,9.86464690176891E-17,,,,,,,,,,,,,,,,,,,,,,,,,,,,,,,,,,,,,,,,,,,,,,,,,,,,,,,,,,,,,,,,,,,,,,,,,,,
2261,4.51734333780053,,,,,,9.00060739994754E-17,,,,,,,,,,,,,,,,,,,,,,,,,,,,,,,,,,,,,,,,,,,,,,,,,,,,,,,,,,,,,,,,,,,,,,,,,,,,,,,,,,,,,,,,,,
2347,4.68931837100582,,,,,,,,,,,,,,,,,,,,,,,,,,,,,,,1.34558913143821E-15,,,,,,,,,,,,,,,,,,,,,,,,,,,,,,,,,,,,,,,,,,,,,,,,,,,,,,,,,,,,,,,,,
2483,4.961271089573,,1.34859316347455E-15,,,,,,,,,,,,,,,,,,,,,,,,,,,,,,,,,,,,,,,,,,,,,,,,,,,,,,,,,,,,,,,,,,,,,,,,,,,,,,,,,,,,,,,,,,,,,,
2711,5.41726282590358,,,,,,,,,,,,,,,,,,1.65984856382303E-16,,,,,,,,,,,,,,,,,,,,,,,,,,,,,,,,,,,,,,,,,,,,,,,,,,,,,,,,,,,,,,,,,,,,,,,,,,,,,,
2895,5.78519323495266,,,,,,,,,,,,,,,,,,1.62982705805548E-16,,,,,,,,,,,,,,,,,,,,,,,,,,,,,,,,,,,,,,,,,,,,,,,,,,,,,,,,,,,,,,,,,,,,,,,,,,,,,,
2925,5.84523795809541,,,1.62812015593911E-16,,,,,,,,,,,,,,,,,,,,,,,,,,,,,,,,,,,,,,,,,,,,,,,,,,,,,,,,,,,,,,,,,,,,,,,,,,,,,,,,,,,,,,,,,,,,,
3011,6.01714003139409,5.99247106673193E-16,,,,,,,,,,,,,,,,,,,,,,,,,,,,,,,,,,,,,,,,,,,,,,,,,,,,,,,,,,,,,,,,,,,,,,,,,,,,,,,,,,,,,,,,,,,,,,,
3034,6.06320290576695,,,,,,,,,,,,,,,,,,,,,,,1.418023044892E-16,,,,,,,,,,,,,,,,,,,,,,,,,,,,,,,,,,,,,,,,,,,,,,,,,,,,,,,,,,,,,,,,,,,,,,,,,
3179,6.35317373460429,,,1.81141482820993E-16,,,,,,,,,,,,,,,,,,1.08386901154113E-16,,,,,,,,,,,,,,,,,,,,,,,,,,,,,,,,,,,,,,,,,,,,,,,,,,,,,,,,,,,,,,,,,,,,,,,,,,,
3208,6.41112438042746,,,,,,,,,,,,,,,,,,,,,1.05396228300825E-16,,1.42630923926529E-16,,,,,,,,,,,,,,,,,,,,,,,,,,,,,,,,,,,,,,,,,,,,,,,,,,,,,,,,,,,,,,,,,,,,,,,2.57700597586601E-17,,
3320,6.63509892040672,,,,,,,,,,,,,,,,,,,,,,,,,,4.7494392505679E-16,,,,,,,,,,,,,,,,,,,,,,,,,,,,,,,,,,,,,,,,,,,,,,,,,,,,,,,,,,,,,,,,,,,,,,
3495,6.98507820576656,,,,,,9.27849020181602E-17,,,,,,,,,,,,,,,,,,,,,,,,,,,,,,,,,,,,,,,,,,,,,,,,,,,,,,,,,,,,,,,,,,,,,,,,,,,,,,,,,,,,,,,,,,
3612,7.21908153290897,,,,,,1.06439348216285E-16,,,,,,,,,,,,,,,,,,,,,,,,,,,,,,,,,,,,,,,,,,,,,,,,,,,,,,,,,,,,,,,,,,,,,,,,,,,,,,,,,,,,,,,,,,
3708,7.41101814056345,,,3.52632411689522E-16,,,,,,,,,,,,,,,,,,,,,,,,,,,,,,,,,,,,,,,,,,,,,,,,,,,,,,,,,,,,,,,,,,,,,,,,,,,,,,,,,,,,,,,,,,,,,
3711,7.41706485282366,,,,,,,,,,,,,,,,,,1.79274397939414E-16,,,,,,,,,,,,,,,,,,,,,,,,,,,,,,,,,,,,,,,,,,,,,,,,,,,,,,,,,,,,,,,,,,,,,,,,,,,,,,
3751,7.49701611048605,,,,,,8.50695669726183E-17,,,,,,,,,,,,,,,,,,,,,,,,,,,,,,,,,,,,,,,,,,,,,,,,,,,,,,,,,,,,,,,,,,,,,,,,,,,,,,,,,,,,,,,,,,
3809,7.61300998868055,,,1.9186584888298E-16,,,,,,,,,,,,,,,,,,,,,,,,,,,,,,,,,,,,,,,,,,,,,,,,,,,,,,,,,,,,,,,,,,,,,,,,,,,,,,,,,,,,,,,,,,,,,
4192,8.3788935950162,,,1.3653580088378E-16,,,,,,,,,,,,,,,,,,,,,,,,,,,,,,,,,,,,,,,,,,,,,,,,,,,,,,,,,,,,,,,,,,,,,,,,,,,,,,,,,,,,,,,,,,,,,
4257,8.50893289523256,,,,,,,2.11542844500927E-15,1.99088072071431E-15,1.90359502235875E-15,1.40734794914224E-15,,,,,,,,,,,,,,,,,,,,,,,,,,,,,,,,,,,,,,,,,,,,,,,,,,,,,,,,,,,,,,,,,,,,,,,,,,,,,,,,,,,,,,
4263,8.52089234659113,,,,,,,,,,,3.73082106381483E-17,,,,,,,,,,,,,,,,,,,,,,,,,,,,,,,,,,,,,,,,,,,,,,,,,,,,,,,,,,,,,,,,,,,,,,,,,,,,,,,,,,,,,
4336,8.66688426638814,,,,,,,,,,,,,,,,,,1.71084452616084E-16,,,,,,,,,,,,,,,,,,,,,,,,,,,,,,,,,,,,,,,,,,,,,,,,,,,,,,,,,,,,,,,,,,,,,,,,,,,,,,
4340,8.67490644278642,,,,,,,,,,,,,,,,,,,,,,,,,,,,,,,,,,,,,,,,,,,,,,,,,1.51892836904876E-16,6.69184209412942E-17,,,,,,,,,,,,,,,,,,,,,,,,,,,,,,,,,,,,,,,,,,,,,,
4370,8.73491148597996,,,,,,,,,,,,,,,,,,1.75779345629374E-16,,,,,,,,,,,,,,,,,,,,,,,,,,,,,,,,,,,,,,,,,,,,,,,,,,,,,,,,,,,,,,,,,,,,,,,,,,,,,,
4670,9.33480703811366,,,,,,,,,,,,,,,,,,,,,,,1.58825641672094E-16,,,,,,,,,,,,,,,,,,,,,,,,,,,,,,,,,,,,,,,,,,,,,,,,,,,,,,,,,,,,,,,,,,,,,,,,,
4778,9.55079012165531,,,,,,9.25683156704678E-17,,,,,,,,,,,,,,,,,,,,,,,,,,,,,,,,,,,,,,,,,,,,,,,,,,,,,,,,,,,,,,,,,,,,,,,,,,,,,,,,,,,,,,,,,,
4839,9.67276841885642,,,,,,,,,,,,,,,,,3.80643741123791E-15,,,,,,,,,,,,,,,,,,,,,,,,,,,,,,,,,,,,,,,,,,,,,,,,,,,,,,,,,,,,,,,,,,,,,,,,,,,,,,,
5336,10.6666803199825,,,,,,,,,,,,,,,,,,,,,,1.41288815242337E-16,,,,,,,,,,,,,,,,,,,,,,,,,,,,,,,,,,,,,,,,,,,,,,,,,,,,,,,,,,,,,,,,,,,,,,,,,,
5482,10.9586850662164,,,4.24204635585664E-16,,,,,,,,,,,,,,,,,,,,,,,,,,,,,,,,,,,,,,,,,,,,,,,,,,,,,,,,,,,,,,,,,,,,,,,,,,,,,,,,,,,,,,,,,,,,,
5558,11.11063281839,,,,,,,,,1.07804124621826E-16,,,,,,,,,,,,3.74479377132488E-16,,1.39907439591216E-16,,,,,,,,,,,,,,,,,,,,,,,,,,,,,,,,,,,,,,,,,,,,,,,,,,,,,,,,,,,,,,,,,,,,,,,,,
5743,11.4805659982089,,,,,,,,,,,,,,,,,,,,,,,,2.00228335126757E-16,,,,,,,,,,,,,,,,,,,,,,,,,,,,,,,,,,,,,,,,,,,,,,,,,,,,,,,,,,,,,,,,,,,,,,,,
5787,11.5686128188423,,,,,,,,,,,,1.31651424883288E-16,,,,,,,,,,,,,,,,,,,,,,,,,,,,,,,,,,,,,,,,,,,,,,,,,,,,,,,,,,,,,,,,,,,,,,,,,,,,,,,,,,,,
6091,12.1765207340535,,,,,,,,,,,,,,,,,,1.62989961134895E-16,,,,,,,,,,,,,,,,,,,,,,,,,,,,,,,,,,,,,,,,,,,,,,,,,,,,,,,,,,,,,,,,,,,,,,,,,,,,,,
6144,12.2825553716625,,,,,,,,,,,,,,,,,,,,,1.03503985036794E-16,,,,,,,,,,,,,,,,,,,,,,,,,,,,,,,,,,,,,,,,,,,,,,,,,,,,,,,,,,,,,,,,,,,,,,,,,,,
6457,12.9084724371553,,,,,,,,,,,,,,7.41989314718325E-16,,,,,,,,,,,,,,,,,,,,,,,,,,,,,,,,,,,,,,,,,,,,,,,,,,,,,,,,,,,,,,,,,,,,,,,,,,,,,,,,,,
6475,12.9444446577775,,,,,,,,,,,,,,,,,,,,,9.79107951939438E-17,,,,,,,,,,,,,,,,,,,,,,,,,,,,,,,,,,,,,,,,,,,,,,,,,,,,,,,,,,,,,,,,,,,,,,,,,,,
6613,13.2204451578302,,,1.41927474137228E-16,,,,,,,,,,,,,,,,,,,,,,,,,,,,,,,,,,,,,,,,,,,,,,,,,,,,,,,,,,,,,,,,,,,,,,,,,,,,,,,,,,,,,,,,,,,,,
6651,13.2964117805929,,,1.90022414037776E-16,,,,,,,,,,,,,,,,,,,1.67412568104876E-16,,2.20539893784815E-16,,,,,,,,,,,,,,,,,,,,,,,,,,,,,,,,,,,,,,,,,,,,,,,,,,,,,,,,,,,,,,,,,,,,,,,,
6962,13.918414611096,,,4.27408412869663E-16,,,,,,,,,,,,,,,,,,,,,,,,,,,,,,,,,,,,,,,,,,,,,,,,,,,,,,,,,,,,,,,,,,,,,,,,,,,,,,,,,,,,,,,,,,,,,
7287,14.5682676459507,,,3.09809704704122E-16,,,,,,,,,,,,,,,,,,3.23998276562061E-16,,2.46684136970208E-16,,,,,,,,,,,,,,,,,,,,,,,,,,,,,,,,,,,,,,,,,,,,,,,,,,,,,,,,,,,,,,,,,,,,,,,,,
7469,14.9322134201002,,,,,,,5.78844584502015E-16,,,,,,,,,,,,,,,,,,,,,,,,,,,,,,,,,,,,,,,,,,,,,,,,,,,,,,,,,,,,,,,,,,,,,,,,,,,,,,,,,,,,,,,,,
7895,15.7842170228689,,,,,,,,,,,,,,,,,,1.58566276631359E-16,,,,,,,,,,,,,,,,,,,,,,,,,,,,,,,,,,,,,,,,,,,,,,,,,,,,,,,,,,,,,,,,,,,,,,,,,,,,,,
8051,16.0961632902443,,,,-1.35092382972214E-14,,,,,,,,,,,,,,,,,,,,,,,,,,,,,,,,,,,,,,,,,,,,,,,,,,,,,,,,,,,,,,,,,,,,,,,,,,,,,,,,,,,,,,,,,,,,
8454,16.9020745786779,,,,,,,,,,,,,,8.18826695000672E-16,,,,,,,,,,,,,,,,,,,,,,,,,,,,,,,,,,,,,,,,,,,,,,,,,,,,,,,,,,,,,,,,,,,,,,,,,,,,,,,,,,
9005,18.004003408209,,,,,,,,,,,,,,9.87486013560528E-16,,,,,,,,,,,,,,,,,,,,,,,,,,,,,,,,,,,,,,,,,,,,,,,,,,,,,,,,,,,,,,,,,,,,,,,,,,,,,,,,,,
9107,18.2079485338259,,,2.47006734540586E-16,,,,,,,,,,,,,,,,,,1.99300554515333E-16,,,,,,,,,,,,,,,,,,,,,,,,,,,,,,,,,,,,,,,,,,,,,,,,,,,,,,,,,,,,,,,,,,,,,,,,,,,
9344,18.6818657938785,,,,,,,,,1.38683426369431E-16,,,,,,,,,,,,,,,,,,,,,,,,,,,,,,,,,,,,,,,,,,,,,,,,,,,,,,,,,,,,,,,,,,,,,,,,,,,,,,,,,,,,,,,
10090,20.1743310835229,,,5.69943523398935E-16,,,,,,,,,,,,,,,,,,,,,,,,,,,,,,,,,,,,,,,,,,,,,,,,,,,,,,,,,,,,,,,,,,,,,,,,,,,,,,,,,,,,,,,,,,,,,
10418,20.8296727513522,,,,,,,,,,,,,,,,,,,,,,,,,,,,,,,,,,,,,,,,,,,,,,,,,,,,,,,,,,,,,,,,,,,,,,,,,,,,,,,,,,,,,,,,,,,1.90112944641063E-16,,,,,
10873,21.7395514800408,,,,,,,,,,,,,,8.82465476006555E-16,,,,,,,,,,,,,,,,,,,,,,,,,,,,,,,,,,,,,,,,,,,,,,,,,,,,,,,,,,,,,,,,,,,,,,,,,,,,,,,,,,
10889,21.7715219991185,,,,,,,,,,,,,,,,,,,,,,,,,,,,,,,1.37980760184828E-15,,,,,,,,,,,,,,,,,,,,,,,,,,,,,,,,,,,,,,,,,,,,,,,,,,,,,,,,,,,,,,,,,
10912,21.8175387935503,,,,,,,,,,,,,,,,,4.03377450175298E-15,,,,,,,,,,,,,,,,,,,,,,,,,,,,,,,,,,,,,,,,,,,,,,,,,,,,,,,,,,,,,,,,,,,,,,,,,,,,,,,
11072,22.1377039304056,,,,-1.55524532170052E-14,,,,,,,,,,,,,,,,,,,,,,,,,,,,,,,,,,,,,,,,,,,,,,,,,,,,,,,,,,,,,,,,,,,,,,,,,,,,,,,,,,,,,,,,,6.97730902108247E-17,4.23471594802315E-17,,
11262,22.5174657909771,,,3.78588194102798E-16,,,,,,,,,,,,,,,,,,,,,,,,,,,,,,,,,,,,,,,,,,,,,,,,,,,,,,,,,,,,,,,,,,,,,,,,,,,,,,,,,,,,,,,,,,,,,
11689,23.3713633646549,,,,,,,,,5.33612283349749E-16,,,,,,,,,,,,,,,,,,,,,,,,,,,,,,,,,,,,,,,,,,,,,,,,,,,,,,,,,,,,,,,,,,,,,,,,,,,,,,,,,,,,,,,
11838,23.6694092764895,,,,,,,,,,,,1.36888554419778E-16,,,,,,,,,,,,,,,,,,,,,,,,,,,,,,,,,,,,,,,,,,,,,,,,,,,,,,,,,,,,,,,,,,,,,,,,,,,,,,,,,,,,
11960,23.9133479509146,,,2.24686009282804E-16,,,,,,,,,,,,,,,,,,,,,,,,,,,,,,,,,,,,,,,,,,,,,,,,,,,,,,,,,,,,,,,,,,,,,,,,,,,,,,,,,,,,,,,,,,,,,
12059,24.1112954308752,,,1.99581676319556E-16,,,,,,,,,,,,,,,,,,,2.52469315670278E-16,,3.33971311628046E-16,,,,,,,,,,,,,,,,,,,,,,,,,,,,,,,,,,,,,,,,,,,,,,,,,,,,,,,,,,,,,,,,,,,,,,,,
12082,24.1574321184869,3.31173254708076E-16,,,,,,,,,,,,,,,,,,,,,,,,,,,,,,,,,,,,,,,,,,,,,,,,,,,,,,,,,,,,,,,,,,,,,,,,,,,,,,,,,,,,,,,,,,,,,,,
12196,24.3852411068914,,,6.73751243763407E-16,,,,,,,,,,,,,,,,,,,,,,,,,,,,,,,,,,,,,,,,,,,,,,,,,,,,,,,,,,,,,,,,,,,,,,,,,,,,,,,,,,,,,,,,,,,,,
12543,25.0792225119285,,,1.3071037322278E-16,,,,,,,,,,,,,,,,,,,,,,,,,,,,,,,,,,,,,,,,,,,,,,,,,,,,,,,,,,,,,,,,,,,,,,,,,,,,,,,,,,,,,,,,,,,,,
12747,25.4871695097564,,,1.42541050950184E-16,,,,,,,,,,,,,,,,,,,,,,,,,,,,,,,,,,,,,,,,,,,,,,,,,,,,,,,,,,,,,,,,,,,,,,,,,,,,,,,,,,,,,,,,,,,,,
12764,25.5211730928984,,,,,,,,,,,,,,,,,,,,,,,,,,3.30008246961947E-16,,,,,,,,,,,,,,,,,,,,,,,,,,,,,,,,,,,,,,,,,,,,,,,,,,,,,,,,,,,,,,,,,,,,,,
12899,25.7911311473521,,,,,,,,,,,,1.20807285841143E-16,,,,,,,,,,,,,,,,,,,,,,,,,,,,,,,,,,,,,,,,,,,,,,,,,,,,,,,,,,,,,,,,,,,,,,,,,,,,,,,,,,,,
13012,26.0171357647329,,,,,,,,,,,,,,,,,,,,,,,,,,3.26520369577434E-16,,,,,,,,,,,,,,,,,,,,,,,,,,,,,,,,,,,,,,,,,,,,,,,,,,,,,,,,,,,,,,,,,,,,,,
13163,26.3191116982037,,,,,,,,,,,,1.21573062267198E-16,,,,,,,,,,,,,,,,,,,,,,,,,,,,,,,,,,,,,,,,,,,,,,,,,,,,,,,,,,,,,,,,,,,,,,,,,,,,,,,,,,,,
13442,26.8771359439327,,,,,,,,,,,,,,,,,,,,,1.06632503498092E-16,,1.70456850576486E-16,,,,,,,,,,,,,,,,,,,,,,,,,,,,,,,,,,,,,,,,,,,,,,,,,,,,,,,,,,,,,,,,,,,,,,,,,
13631,27.2550285802301,,,,,,,,,,,,,,,4.2486130856866E-17,,,,,,,,,,,,,,,,,,,,,,,,,,,,,,,,,,,,,,,,,,,,,,,,,,,,,,,,,,,,,,,,,,,,,,,,,,,,,,,,,
13655,27.3030605187492,,,,,,,,,,,,,,,,,,,,,,,,,,3.50904363261907E-16,,,,,,,,,,,,,,,,,,,,,,,,,,,,,,,,,,,,,,,,,,,,,,,,,,,,,,,,,,,,,,,,,,,,,,
13774,27.5410211741596,,,2.34073323411422E-15,,,,,,,,,,,,,,,,,,,,,,,,,,,,,,,,,,,,,,,,,,,,,,,,,,,,,,,,,,,,,,,,,,,,,,,,,,,,,,,,,,,,,,,,,,,,,
13776,27.5449605824505,,,,,-4.99236250582341E-15,,,,,,,,,,,,,,,,,,,,,,,,,,,,,,,,,,,,,,,,,,,,,,,,,,,,,,,,,,,,,,,,,,,,,,,,,,,,,,,,,,,,,,,,,,,
13838,27.6689480504132,,,,,,,,,,,,,,,,,,1.62199409992871E-16,,,,,,,,,,,,,,,,,,,,,,,,,,,,,,,,,,,,,,,,,,,,,,,,,,,,,,,,,,,,,,,,,,,,,,,,,,,,,,
14184,28.3608601247657,,,,,,,,,,,,,,,,,,,,,,,,,,,,,,,,,,,,,,,,,,,,,,,,,,,,,,,1.35587849007328E-17,,,,,,,,,,,,,,,,,,,,,,,,,,,,,,,,,,,,,,,,,
14480,28.9529365935745,,,1.31402440902937E-16,,,,,,,,,,,,,,,,,,,,,,,,,,,,,,,,,,,,,,,,,,,,,,,,,,,,,,,,,,,,,,,,,,,,,,,,,,,,,,,,,,,,,,,,,,,,,
14788,29.5688231652397,,,1.91384356355898E-16,,,,,,,,,,,,,,,,,,,,,,,,,,,,,,,,,,,,,,,,,,,,,,,,,,,,,,,,,,,,,,,,,,,,,,,,,,,,,,,,,,,,,,,,,,,,,
14974,29.9407318091966,,,,,,,1.10895913563756E-14,1.00169532440599E-14,1.01242476675069E-14,1.08778986020424E-14,,,,,,,,,,,,,,,,,,,,,,,,,,,,,,,,,,,,,,,,,,,,,,,,,,,,,,,,,,,,,,,,,,,,,,,,,,,,,,,,,,,,,,
15033,30.0586823782199,2.9010994307455E-16,,,,,,,,,,,,,,,,,,,,,,,,,,,,,,,,,,,,,,,,,,,,,,,,,,,,,,,,,,,,,,,,,,,,,,,,,,,,,,,,,,,,,,,,,,,,,,,
15062,30.1167119572754,,,1.5819260235367E-16,-3.17386204339491E-14,,,,,,,,,,,,,,,,,,,,,,,,,,,,,,,,,,,,,,,,,,,,,,,,,,,,,,,,,,,,,,,,,,,,,,,,,,,,,,,,,,,,,,,,,,,,
15213,30.4186977040669,,,,,,,,,,,,,,7.53116402876721E-16,,,,,,,,,,,,,,,,,,,,,,,,,,,,,,,,,,,,,,,,,,,,,,,,,,,,,,,,,,,,,,,,,,,,,,,,,,,,,,,,,,
15388,30.7686082961814,,,2.94306512043278E-16,,,,,,,,,,,,,,,,,,,,,,,,,,,,,,,,,,,,,,,,,,,,,,,,,,,,,,,,,,,,,,,,,,,,,,,,,,,,,,,,,,,,,,,,,,,,,
15434,30.8606179917423,,,,,,,,,,,,,,,,,3.84142795420766E-15,,,,,,,,,,,,,,,,,,,,,,,,,,,,,,,,,,,,,,,,,,,,,,,,,,,,,,,,,,,,,,,,,,,,,,,,,,,,,,,
15494,30.9806225314698,,,,,,,,,,,,1.26468858195775E-16,,,,,,,,,,,,,,,,,,,,,,,,,,,,,,,,,,,,,,,,,,,,,,,,,,,,,,,,,,,,,,,,,,,,,,,,,,,,,,,,,,,,
15791,31.5745712112155,,,,,,,,,,,,,,,,,3.78521375841098E-15,,,,,,,,,,,,,,,,,,,,,,,,,,,,,,,,,,,,,,,,,,,,,,,,,,,,,,,,,,,,,,,,,,,,,,,,,,,,,,,
15939,31.8705260323933,,,5.63942573467681E-16,,,8.08549708342152E-17,,,,,,,,,,,,,,,9.95121824753711E-17,,,,,,,,,,,,,,,,,,,,,,,,,,,,,,,,,,,,,,,,,,,,,,,,,,,,,,,,,,,,,,,,,,,,,,,,,,,
16068,32.1285242088223,3.13161271877746E-16,,,,,,,,,,,,,,,,,,,,,,,,,,,,,,,,,,,,,,,,,,,,,,,,,,,,,,,,,,,,,,,,,,,,,,,,,,,,,,,,,,,,,,,,,,,,,,,
16077,32.1465111724657,,,,,,,,,,,,,,,,,3.70176774764765E-15,,,,,,,,,,,,,,,,,,,,,,,,,,,,,,,,,,,,,,,,,,,,,,,,,,,,,,,,,,,,,,,,,,,,,,,,,,,,,,,
16205,32.4024724448353,,,,,,,,,,,,,,,,,3.74227023006921E-15,,,,,,,,,,,,,,,,,,,,,,,,,,,,,,,,,,,,,,,,,,,,,,,,,,,,,,,,,,,,,,,,,,,,,,,,,,,,,,,
16239,32.4704437711653,,,2.30327954632049E-16,,,,,,,,,,,,,,,,,,,,,,,,,,,,,,,,,,,,,,,,,,,,,,,,,,,,,,,,,,,,,,,,,,,,,,,,,,,,,,,,,,,,,,,,,,,,,
16299,32.5904576975475,7.16793356378872E-16,,3.39970078445235E-15,-3.07440991657595E-14,,,7.63885503369626E-16,6.27945300181659E-16,5.15690462303678E-16,,,,,3.39173715679852E-15,4.51078843182861E-17,,8.75528047555204E-15,,,,,1.7999287049168E-16,,,,,,,,,,,,,,,,,,,,,,,,,,,,,,,,,,,3.31205415978231E-17,,,,,,,,,,,,,,,,,,,,,,,,,,,,,,,,,,,,,,,
16521,33.0343781959959,,,5.32504790206155E-15,,,,,,,,,,,,,,,,,,,,,,,,,,,,,,,,,,,,,,,,,,,,,,,,,,,,,,4.65279783876672E-17,,,,,,,,,,,,,,,,,,,,,,,,,,,,,,,,,,,,,,,
16559,33.1103832187095,,,1.41715273069722E-16,,,,,,,,,,,,,,,,,,,,,,,,,,,,,,,,,,,,,,,,,,,,,,,,,,,,,,,,,,,,,,,,,,,,,,,,,,,,,,,,,,,,,,,,,,,,,
16763,33.5183566698368,,,1.06069857178651E-15,,,,,,,,,,,,,,,,,,,,,,,,,,,,,,,,,,,,,,,,,,,,,,,,,,,,,,,,,,,,,,,,,,,,,,,,,,,,,,,,,,,,,,,,,,,,,
16971,33.934283604117,3.43543784492312E-16,,,,,,,,,,,,,,,,,,,,,,,,,,,,,,,,,,,,,,,,,,,,,,,,,,,,,,,,,,,,,,,,,,,,,,,,,,,,,,,,,,,,,,,,,,,,,,,
17095,34.1823071799801,,,1.43717223642365E-16,,,,,,,,,,,,,,,,,,,,,,,,,,,,,,,,,,,,,,,,,,,,,,,,,,,,,,,,,,,,,,,,,,,,,,,,,,,,,,,,,,,,,,,,,,,,,
17323,34.6382711830129,,,,,,,,,,,,,,,,,,,,,,1.42324270661227E-16,,2.80770487319913E-16,,,,,,,,,,,,,,,,,,,,,,,,,,,,,,,,,,,,,,,,,,,,,,,,,,,,,,,,,,,,,,,,,,,,,,,,
17538,35.0682008727029,,,,,,8.88764584082306E-17,,,,,,,,,,,,,,,,,,,,,,,,,,,,,,,,,,,,,,,,,,,,,,,,,,,,,,,,,,,,,,,,,,,,,,,,,,,,,,,,,,,,,,,,,,
17705,35.4021276986099,4.03709465838207E-16,,,,,,,,,,,,,,,,,,,,,,,,,,,,,,,,,,,,,,,,,,,,,,,,,,,,,,,,,,,,,,,,,,,,,,,,,,,,,,,,,,,,,,,,,,,,,,,
17890,35.7722072249081,,,3.33921895911541E-16,,,,,,,,,,,,,,,,,,,,,,,,,,,,,,,,,,,,,,,,,,,,,,,,,,,,,,,,,,,,,,,,,,,,,,,,,,,,,,,,,,,,,,,,,,,,,
17937,35.8661121713764,,,1.59133881775392E-15,,,,,,,,,,,,,,,,,,,,,,,,,,,,,,,,,,,,,,,,,,,,,,,,,,,,,,,,,,,,,,,,,,,,,,,,,,,,,,,,,,,,,,,,,,,,,
18026,36.044081010243,,,,,,,,,,,,,,,,,,,,,,,,,,,,,,,1.34022884480887E-15,,,,,,,,,,,,,,,,,,,,,,,,,,,,,,,,,,,,,,,,,,,,,,,,,,,,,,,,,,,,,,,,,
18189,36.3700731263064,,,,,,,,,,,,,,7.6275993974931E-16,,,,,,,,,,,,,,,,,,,,,,,,,,,,,,,,,,,,,,,,,,,,,,,,,,,,,,,,,,,,,,,,,,,,,,,,,,,,,,,,,,
18461,36.9139572301347,,,,,,,,,,,,,,,,,,,,,,,,,,,,,,,1.56194084774304E-15,,,,,,,,,,,,,,,,,,,,,,,,,,,,,,,,,,,,,,,,,,,,,,,,,,,,,,,,,,,,,,,,,
18588,37.1679967982974,,,4.52662746873501E-16,,,,,,,,,,,9.74245869455856E-16,,,,,,,5.05278076227196E-16,1.87756734535412E-16,6.4366902228406E-16,,,,,,,,,,,,1.5240639777905E-17,,,,,,,,,,,,,,,,,,,,,,,1.45294305824655E-17,3.78821783090601E-17,,,,,,,,,,,,,,,,,,,,,,,,,,,,,,,,,,5.54448582317392E-17,,,
18610,37.2120048486338,,,4.5301303960474E-16,,,,,,,,,,,,,,,,,,,,,,,,,,,,,,,,,,,,,,,,,,,,,,,,,,,,,,,,,,,,,,,,,,,,,,,,,,,,,,,,,,,,,,,,,,,,,
18705,37.4019706854775,,,,,,,,,,,,,,,,,,,,,3.38203207801241E-16,,2.33880061142848E-16,,,,,,,,,,,,,,,,,,,,,,,,,,,,,,,,,,,,,,,,,,,,,,,,,,,,,,,,,,,,,,,,,,,,,,,,,
18891,37.7738912760858,,,,,,,,,,,,,,,,,,,,,,,,,,,,,,,1.51100865202623E-15,,,,,,,,,,,,,,,,,,,,,,,,,,,,,,,,,,,,,,,,,,,,,,,,,,,,,,,,,,,,,,,,,
18990,37.9718801426601,6.04258154324468E-16,,5.49193966892409E-15,-1.51821333587221E-14,,,,,,,,,,,,,,,,,,,,,,,,,,,,,,,,,,,,,,,,,,,,,,,,,,,,,,,,,,,,,,,,,,,,,,,,,,,,,,,,,,,,,,,,,,,,
19338,38.6678084252052,,,,,,,,,,,,,,,,,,,,,,2.19309321360911E-16,,1.75287447589356E-16,,,,,,,,,,,,,,,,,,,,,,,,,,,,,,,,,,,,,,,,,,,,,,,,,,,,,,,,,,,,,,,,,,,,,,,,
19507,39.0057672459513,,,,,,,,,,,,,,,,,,,,,1.28499848026212E-16,,,,,,,,,,,,,,,,,,,,,,,,,,,,,,,,,,,,,,,,,,,,,,,,,,,,,,,,,,,,,,,,,,,,,,,,,,,
19612,39.215821377082,,,,,,,,,,,,,,,,,,1.55979189776462E-16,,,,,,,,,,,,,,,,,,,,,,,,,,,,,,,,,,,,,,,,,,,,,,,,,,,,,,,,,,,,,,,,,,,,,,,,,,,,,,
19982,39.9556813367279,,,,,,,,,,,,,,,,,,,,,,,,,,,,,,,,,,,,,,,,,,,,,,,,,,,,,,,,,,,,,,,,,,,,,,,,,,,,,,,,,,,,,,,,,,,1.9926675883423E-16,,,,,
20685,41.3615683905258,,,,-3.08833979614035E-14,,,,,,,,,,,,,,,,,,,,,,,,,,,,,,,,,,,,,,,,,,,,,,,,,,,,,,,,,,,,,,,,,,,,,,,,,,,,,,,,,,,,,,,,,,,,
20865,41.7215692097247,,,6.55270884092307E-16,-3.40823498764351E-14,,,,,,,,,,,,,,,,,6.30569237196238E-16,,5.11481215114362E-16,,,,,,,,,,,,,,,,,,,,,,,,,,,,,,,,,,,,,,,,,,,,,,,,,,,,,,,,,,,,,,,,,,,,,,,2.55019900727246E-17,,
20924,41.8394958854453,,,,,,,,,,,,,,,,,,,,,1.14926483692561E-16,,,,,,,,,,,,,,,,,,,,,,,,,,,,,,,,,,,,,,,,,,,,,,,,,,,,,,,,,,,,,,,,,,,,,,,,,,,
21130,42.2514578114673,,,1.45778930648004E-16,,,,,,,,,,,,,,,,,,,,,,,,,,,,,,,,,,,,,,,,,,,,,,,,,,,,,,,,,,,,,,,,,,,,,,,,,,,,,,,,,,,,,,,,,,,,,
21209,42.4094492892382,,,,,,,,,,,,,,9.65395783279625E-16,,,,,,,,,,,,,,,,,,,,,,,,,,,,,,,,,,,,,,,,,,,,,,,,,,,,,,,,,,,,,,,,,,,,,,,,,,,,,,,,,,
21576,43.1433764564781,,,,,,,,,,,,,,2.16756404420302E-15,,,,,,,,,,,,,,,,,,,,,,,,,,,,,,,,,,,,,,,,,,,,,,,,,,,,,,,,,,,,,,,,,,,,,,,,,,,,,,,,,,
21679,43.3493508061643,,,,,,,,,,,,,,,,,,,,,,,,,,,,,,,1.40996736136679E-15,,,,,,,,,,,,,,,,,,,,,,,,,,,,,,,,,,,,,,,,,,,,,,,,,,,,,,,,,,,,,,,,,
22021,44.0333085440317,,,1.46539793316035E-16,,,,,,,,,,,,,,,,,,,,,,,,,,,,,,,,,,,,,,,,,,,,,,,,,,,,,,,,,,,,,,,,,,,,,,,,,,,,,,,,,,,,,,,,,,,,,
22030,44.0513228143068,2.70640731245621E-16,,,,,,,,,,,,,,,,,,,,,,,,,,,,,,,,,,,,,,,,,,,,,,,,,,,,,,,,,,,,,,,,,,,,,,,,,,,,,,,,,,,,,,,,,,,,,,,
22052,44.0952711313863,,,2.52348713648711E-16,,,,,,,,,,,,,,,,,,2.92652531021745E-16,,,,,,,,,,,,,,,,,,,,,,,,,,,,,,,,,,,,,,1.60977707142989E-17,1.23134931894754E-17,,,,,,,,,,,,,,,,,,,,,,,,,,,,,,,,,,,,
22154,44.2992734302633,3.19514520247726E-16,,1.32551320685081E-16,,,,,,,,,,,,,,,,,,,,,,,,,,,,,,,,,,,,,,,,,,,,,,,,,,,,,,,,,,,,,,,,,,,,,,,,,,,,,,,,,,,,,,,,,,,,,
22344,44.6792563038853,,,,,,,,,,,,,,,,,,,,,8.9195918566746E-17,,,,,,,,,,,,,,,,,,,,,,,,,,,,,,,,,,,,,,,,,,,,,,,,,,,,,,,,,,,,,,,,,,,,,,,,,,,
22519,45.0291988959587,,,,,,,,,,,,,,,,,,,,,,,,,,,,,,,,,,,,,,,,,,,,,,,,,,,,,,,,,,,,,,,4.03616789292101E-17,,,,,,,,,,,,,,,,,,,,,,,,,,,,,,,,,
22829,45.6492424756363,,,,-1.36990092033233E-14,,,,,,,,,,,,,,,,,,,,,,,,,,,,,,,,,,,,,,,,,,,,,,,,,,,,,,,,,,,,,,,,,,,,,,,,,,,,,,,,,,,,,,,,,,,,
23000,45.9910570781136,,,1.33025208191175E-16,,,,,,,,,,,,,,,,,,,1.82338029932838E-16,,,,,,,,,,,,,,,,,,,,,,,,,,,,,,,,,,,,,,,,,,,,,,,,,,,,,,,,,,,,,,,,,,,,,,,,,,
23115,46.2210275570847,,,,,-5.06629723042112E-15,,,,,,,,,,,,,,,,,,,,,,,,,,,,,,,,,,,,,,,,,,,,,,,,,,,,,,,,,,,,,,,,,,,,,,,,,,,,,,,,,,,,,,,,,,,
23134,46.2590238817828,,,1.70258520078704E-16,,,,,,,,,,,,,,,,,,3.41531602814922E-16,,5.39266518731912E-16,,,,,,,,,,,,,,,,,,,,,,,,,,,,,,,,,,,,,,,,,,,,,,,,,,,,,,,,,,,,,,,,,,,,,,,,,
23581,47.1529862575109,,,1.26879314352272E-16,,,,,,,,,,,,,,,,,,,,,,,,,,,,,,,,,,,,,,,,,,,,,,,,,,,,,,,,,,,,,,,,,,,,,,,,,,,,,,,,,,,,,,,,,,,,,
23800,47.5909155102948,,,,,,,,,,,,,,,,,4.05728649925352E-15,,,,,,,,,,,,,,,,,,,,,,,,,,,,,,,,,,,,,,,,,,,,,,,,,,,,,,,,,,,,,,,,,,,,,,,,,,,,,,,
23970,47.9308903284604,,,,,,,,,,,,,,,5.50366751677283E-17,,,,,,,,,,,,,,,,,,,,,,,,,,,,,,,,,,,,,,,,,,,,,,,,,,,,,,,,,,,,,,,,,,,,,,,,,,,,,,,,,
24100,48.1908818890045,,,,,,,,,,,,,,,,,,,,,,,,,,,,,,,,,,,,,,,,,,,,,,,,,,,,,,,,,2.27648513554124E-17,,,,,,,,,,,,,,,,,,,,,,,,,,,,,,,,,,,,,,,
24136,48.2628668635304,,,1.44127293654857E-16,,,,,,,,,,,,,,,,,,,,,,,,,,,,,,,,,,,,,,,,,,,,,,,,,,,,,,,,,,,,,,,,,,,,,,,,,,,,,,,,,,,,,,,,,,,,,
24151,48.292868745128,,,2.02853756010488E-16,,,,,,,,,,,,,,,,,,,,,,,,,,,,,,,,,,,,,,,,,,,,,,,,,,,,,,,,,,,,,,,,,,,,,,,,,,,,,,,,,,,,,,,,,,,,,
24187,48.3649411862086,,,,-1.55309247580212E-14,,,,,,,,,,,,,,,,,,,,,,,,,,,,,,,,,,,,,,,,,,,,,,,,,,,,,,,,,,,,,,,,,,,,,,,,,,,,,,,,,,,,,,,,,,,,
24351,48.6928208731893,,,,,,8.63497253191796E-17,,,,,,,,,,,,,,,,,,,,,,,,,,,,,,,,,,,,,,,,,,,,,,,,,,,,,,,,,,,,,,,,,,,,,,,,,,,,,,,,,,,,,,,,,,
24494,48.9788245604379,1.55263395114198E-15,,2.38422852580077E-15,-1.26453652643113E-13,,,,,8.56321331570027E-17,,,,,,4.86178209839507E-17,,,,,,6.76781688785296E-15,,7.02914383503015E-15,,,,,,,,,,,7.35012329290432E-17,,,,,,,,,,,,,,,,,,,,,,,,,,,,,,,,,,,,,,,,,,,,,,,,,,,,,,,,,,,6.93520638047089E-17,9.4421850729639E-17,,
24521,49.0327671047248,,,,,,,,,,,,,,,,,,,,,1.34552041593949E-16,,1.74619251004079E-16,,,,,,,,,,,,,,,,,,,,,,,,,,,,,,,,,,,,,,,,,,,,,,,,,,,,,,,,,,,,,,,,,,,,,,,,,
24534,49.0587246181658,,,,,,,,,,,,,,,,,3.63051639244562E-15,,,,,,,,,,,,,,,,,,,,,,,,,,,,,,,,,,,,,,,,,,,,,,,,,,,,,,,,,,,,,,,,,,,,,,,,,,,,,,,
24641,49.2727471708836,,,,,,,,,,,,,,,,,,2.04902806838707E-16,,,,,,,,,,,,,,,,,,,,,,,,,,,,,,,,,,,,,,,,,,,,,,,,,,,,,,,,,,,,,,,,,,,,,,,,,,,,,,
24657,49.3047381699351,,,,,,,,,,,,,,7.71788414103002E-16,,,,,,,,,,,,,,,,,,,,,,,,,,,,,,,,,,,,,,,,,,,,,,,,,,,,,,,,,,,,,,,,,,,,,,,,,,,,,,,,,,
24743,49.4767140564727,,,,,,,,,,,,,,,,,,,,,9.50413355198465E-17,,1.73851561529353E-16,,,,,,,,,,,,,,,,,,,,,,,,,,,,,,,,,,,,,,,,,,,,,,,,,,,,,,,,,,,,,,,,,,,,,,,,,
24899,49.7886769638268,,,1.38267662760571E-16,,,,,,,,,,,,,,,,,,,,,,,,,,,,,,,,,,,,,,,,,,,,,,,,,,,,,,,,,,,,,,,,,,,,,,,,,,,,,,,,,,,,,,,,,,,,,
25011,50.012661743793,,,,,,,,,,,,,,,,,,1.73121137620064E-16,,,,,,,,,,,,,,,,,,,,,,,,,,,,,,,,,,,,,,,,,,,,,,,,,,,,,,,,,,,,,,,,,,,,,,,,,,,,,,
25110,50.2106318370579,,,1.5567404672432E-16,,,,,,,,,,,,,,,,,,,,,,,,,,,,,,,,,,,,,,,,,,,,,,,,,,,,,,,,,,,,,,,,,,,,,,,,,,,,,,,,,,,,,,,,,,,,,
25203,50.3966569856124,,,,,,,,,,,,,,,,,,,,,,,,,,3.75926934781934E-16,,,,,,,,,,,,,,,,,,,,,,,,,,,,,,,,,,,,,,,,,,,,,,,,,,,,,,,,,,,,,,,,,,,,,,
25338,50.6666918399678,,,,,,,,,,,,,,8.08244979349034E-16,,,,,,,,,,,,,,,,,,,,,,,,,,,,,,,,,,,,,,,,,,,,,,,,,,,,,,,,,,,,,,,,,,,,,,,,,,,,,,,,,,
25592,51.1745994565127,,,,,,,,,,,,,,8.48464457983298E-16,,,,,,,,,,,,,,,,,,,,,,,,,,,,,,,,,,,,,,,,,,,,,,,,,,,,,,,,,,,,,,,,,,,,,,,,,,,,,,,,,,
25718,51.4265483606848,,,,,,,,,,,,,,,,,,,,,,,,,,3.57114980497642E-16,,,,,,,,,,,,,,,,,,,,,,,,,,,,,,,,,,,,,,,,,,,,,,,,,,,,,,,,,,,,,,,,,,,,,,
25858,51.706522402318,,,1.65636538202187E-16,,,,,,,,,,,,,,,,,,,,,,,,,,,,,,,,,,,,,,,,,,,,,,,,,,,,,,,,,,,,,,,,,,,,,,,,,,,,,,,,,,,,,,,,,,,,,
26083,52.1564230531118,,,,,,,,,,,,,,,,,3.80421320678527E-15,,,,,,,,,,,,,,,,,,,,,,,,,,,,,,,,,,,,,,,,,,,,,,,,,,,,,,,,,,,,,,,,,,,,,,,,,,,,,,,
26095,52.1804277157192,,,,,,,,,,,,,,,4.81581481295762E-17,,,,,,,,,,,,,,,,,,,,,,,,,,,,,,,,,,,,,,,,,,,,,,,,,,,,,,,,,,,,,,,,,,,,,,,,,,,,,,,,,
26217,52.4245545499035,,,,,,,,,,,,,,,,,3.75053784527923E-15,,,,,,,,,,,,,,,,,,,,,,,,,,,,,,,,,,,,,,,,,,,,,,,,,,,,,,,,,,,,,,,,,,,,,,,,,,,,,,,
26364,52.7183704938191,,,,,,,,,,,,,,,,,,1.79543860825672E-16,,,,,,,,,,,,,,,,,,,,,,,,,,,,,,,,,,,,,,,,,,,,,,,,,,,,,,,,,,,,,,,,,,,,,,,,,,,,,,
26553,53.096371076645,,,,,,,,,,,,,,,,,,,,,,1.26758716878389E-16,,,,,,,,,,,,,,,,,,,,,,,,,,,,,,,,,,,,,,,,,,,,,,,,,,,,,,,,,,,,,,,,,,,,,,,,,,
26658,53.3064217944468,,,2.79433945070648E-16,,,,,,,,,,,,,,,,,,,,,,,,,,,,,,,,,,,,,,,,,,,,,,,,,,,,,,,,,,,,,,,,,,,,,,,,,,,,,,,,,,,,,,,,,,,,,
26793,53.5763388889529,,,,,,,,,,,,,,,,,,,,,,,,,,3.49676436275013E-16,,,,,,,,,,,,,,,,,,,,,,,,,,,,,,,,,,,,,,,,,,,,,,,,,,,,,,,,,,,,,,,,,,,,,,
26902,53.7942782366572,,,,,,,,,,,,,,,,,3.38946451584304E-15,,,,,,,,,,,,,,,,,,,,,,,,,,,,,,,,,,,,,,,,,,,,,,,,,,,,,,,,,,,,,,,,,,,,,,,,,,,,,,,
26953,53.8962659461129,8.30568481326752E-16,,,,,,,,,,,,,,,,,,,,,,,,,,,,,,,,,,,,,,,,,,,,,,,,,,,,,,,,,,,,,,,,,,,,,,,,,,,,,,,,,,,,,,,,,,,,,,,
27051,54.0922964151939,2.87946116998665E-16,,1.42943341740101E-16,,,,,,,,,,,,,,,,,,,,,,,,,,,,,,,,,,,,,,,,,,,,,,,,,,,,,,,,,,,,,,,,,,,,,,,,,,,,,,,,,,,,,,,,,,,,,
27195,54.3802546599407,,,,,,,,,,,,,,,,,,,,,1.97882930376285E-16,,2.08248589308357E-16,,,,,,,,,,,,,,,,,,,,,,,,,,,,,,,,,,,,,,,,,,,,,,,,,,,,,,,,,,,,,,,,,,,,,,,,,
27285,54.5602313895705,,,,,,,,,,,,,,,,,,,,,8.07714165752199E-17,,,,,,,,,,,,,,,,,,,,,,,,,,,,,,,,,,,,,,,,,,,,,,,,,,,,,,,,,,,,,,,,,,,,,,,,,,,
27326,54.6422152846311,,,,,,,,,,,,,,,,,,,,,,,,,,,,,,,,,,,,,,,,,,,,,,,,,,,,,,,,,,,,1.15197455074266E-17,,,,,,,,,,,,,,,,,,,,,,,,,,,,,,,,,,,,
27398,54.7861651803752,,,,,,,,,,,,,,,,,,1.77297709386246E-16,,,,,,,,,,,,,,,,,,,,,,,,,,,,,,,,,,,,,,,,,,,,,,,,,,,,,,,,,,,,,,,,,,,,,,,,,,,,,,
27720,55.4301447294147,,,,,,,,,,,,,,,,,,,,,8.37361670136358E-17,,,,,,,,,,,,,,,,,,,,,,,,,,,,,,,,,,,,,,,,,,,,,,,,,,,,,,,,,,,,,,,,,,,,,,,,,,,
28066,56.1221843769373,,,1.62382464461963E-16,,,,,,,,,,,,,,,,,,,,,,,,,,,,,,,,,,,,,,,,,,,,,,,,,,,,,,,,,,,,,,,,,,,,,,,,,,,,,,,,,,,,,,,,,,,,,
28162,56.3140002380797,,,2.48441144949494E-16,,,,,,,,,,,,,,,,,,,,,,,,,,,,,,,,,,,,,,,,,,,,,,,,,,,,,,,,,,,,,,,,,,,,,,,,,,,,,,,,,,,,,,,,,,,,,
28282,56.5539811575708,,,,,,,,,,,,,,,,,3.77567710857026E-15,,,,,,,,,,,,,,,,,,,,,,,,,,,,,,,,,,,,,,,,,,,,,,,,,,,,,,,,,,,,,,,,,,,,,,,,,,,,,,,
28529,57.048141165046,,,,,-5.47742253475876E-15,,,,,,,,,,,,,,,,,,,,,,,,,,,,,,,,,,,,,,,,,,,,,,,,,,,,,,,,,,,,,,,,,,,,,,,,,,,,,,,,,,,,,,,,,,,
28540,57.0700240170359,,,,,-5.5953503764209E-15,,,,,,,,,,,,,,,,,,,,,,,,,,,,,,,,,,,,,,,,,,,,,,,,,,,,,,,,,,,,,,,,,,,,,,,,,,,,,,,,,,,,,,,,,,,
28801,57.5919305489956,,,2.59102504006551E-16,,,,,,,,,,,,,,,,,,,,,,,,,,,,,,,,,,,,,,,,,,,,,,,,,,,,,,,,,,,,,,,,,,,,,,,,,,,,,,,,,,,,,,,,,,,,,
29154,58.2978180721262,4.85542859322285E-16,,,,,,,,,,,,,,,,,,,,,,,,,,,,,,,,,,,,,,,,,,,,,,,,,,,,,,,,,,,,,,,,,,,,,,,,,,,,,,,,,,,,,,,,,,,,,,,
29275,58.5397676290974,,,,,,,,,,,,,,,,,,,,,,,,,,,,,,,,,,,,,,,,,,,,,,,,,,,,,,,,,,,,,,,,,,,,,,,,,,,,,,,,,,,5.34923375177496E-17,5.34923375177496E-17,,,,,,,,,,,,
29468,58.925745588379,,,1.70618187667592E-16,,,,,,,,,,,,,,,,,,,1.35218195630019E-16,,,,,,,,,,,,,,,,,,,,,,,,,,,,,,,,,,,,,,,,,,,,,,,,,,,,,,,,,,,,,,,,,,,,,,,,,,
29534,59.0577833927039,,,1.26273323037845E-16,,,,,,,,,,,,,,,,,,,,,,,,,,,,,,,,,,,,,,,,,,,,,,,,,,,,,,,,,,,,,,,,,,,,,,,,,,,,,,,,,,,,,,,,,,,,,
29982,59.9536657659745,,,,,,,,,,,,,,,,,,,,,,,,,,,,,,,,,,,,,,,,,,,,,,,,,,,,,,,,,,,,,,,,,,,,,,,,,,,,,,,,,,,,,,,,,,,,,,,3.28211344583015E-17,
29992,59.9736657403745,,,2.19229613847099E-16,,,,,,,,,,,,,,,,,,,,,,,,,,,,,,,,,,,,,,,,,,,,,,,,,,,,,,,,,,,,,,,,,,,,,,,,,,,,,,,,,,,,,,,,,,,,,
30536,61.061535921234,,,,,,,,,,,,,,,,,,,,,,,,2.04272744360264E-16,,3.64943072123038E-16,,,,,,,,,,,,,,,,,,,,,,,,,,,,,,,,,,,,,,,,,,,,,,,,,,,,,,,,,,,,,,,,,,,,3.06781892072395E-17,,
30641,61.2715435457576,3.0789841236166E-16,,,,,,,,,,,,,,,,,,,,,,,,,,,,,,,,,,,,,,,,,,,,,,,,,,,,,,,,,,,,,,,,,,,,,,,,,,,,,,,,,,,,,,,,,,,,,,,
31091,62.1714361538951,,,,,,,,,,,,,,,,,,,,,1.56038597308756E-16,,2.24969292422628E-16,,,,,,,,,,,,,,,,,,,,,,,,,,,,,,,,,,,,,,,,,,,,,,,,,,,,,,,,,,,,,,,,,,,,,,,,,
31129,62.2474155766414,,,,,,,,,,,,1.28906051470752E-16,,,,,,,,,,,,,,,,,,,,,,,,,,,,,,,,,,,,,,,,,,,,,,,,,,,,,,,,,,,,,,,,,,,,,,,,,,,,,,,,,,,,
31199,62.3874576373876,,,,,,,,,,,,,,,,,,,,,,1.39166592010481E-16,,,,,,,,,,,,,,,,,,,,,,,,,,,,,,,,,,,,,,,,,,,,,,,,,,,,,,,,,,,,,,,,,,,,,,,,,,
31260,62.5093941213089,,,2.74348312817115E-16,,,,,,,,,,,,,,,,,,,,,,,,,,,,,,,,,,,,,,,,,,,,,,,,,,,,,,,,,,,,,,,,,,,,,,,,,,,,,,,,,,,,,,,,,,,,,
31430,62.8493330995203,,,,,,,,,,,,,,,,,,,,,,,,,,,,,,,1.50592233446153E-15,,,,,,,,,,,,,,,,,,,,,,,,,,,,,,,,,,,,,,,,,,,,,,,,,,,,,,,,,,,,,,,,,
31988,63.9652506044792,,,,,,,,,,,,,,,,,,,,,,,1.58154414291884E-16,,,,,,,,,,,,,,,,,,,,,,,,,,,,,,,,,,,,,,,,,,,,,,,,,,,,,,,,,,,,,,,,,,,,,,,,,
32132,64.2532920491195,,1.35858940820549E-15,,,,,,,,,,,,,,,,,,,,,,,,,,,,,,,,,,,,,,,,,,,,,,,,,,,,,,,,,,,,,,,,,,,,,,,,,,,,,,,,,,,,,,,,,,,,,,
32240,64.4691705994616,,,2.38524693973227E-16,,,,,,,,,,,,,,,,,,3.6294578521589E-16,,3.67023431293046E-16,,,,,,,,,,,,,,,,,,,,,,,,,,,,,,,,,,,,,,,,,,,,,,,,,,,,,,,,,,,,,,,,,,,,,,,,,
32334,64.6571665188269,,,,,,,,,,,,1.20424135694308E-16,,,,,,,,,,,,,,,,,,,,,,,,,,,,,,,,,,,,,,,,,,,,,,,,,,,,,,,,,,,,,,,,,,,,,,,,,,,,,,,,,,,,
32405,64.7991439370958,,,,,,,,,,,,,,,,,,,,,9.53615262584786E-17,,,,,,,,,,,,,,,,,,,,,,,,,,,,,,,,,,,,,,,,,,,,,,,,,,,,,,,,,,,,,,,,,,,,,,,,,,,
32969,65.9270635600253,,,,,,8.74426527911484E-17,,,,,,,,,,,,,,,,,,,,,,,,,,,,,,,,,,,,,,,,,,,,,,,,,,,,,,,,,,,,,,,,,,,,,,,,,,,,,,,,,,,,,,,,,,
33227,66.4429779929882,,,,,,,,,,7.12290786670878E-16,,,,,,,,,,,,,,,,,,,,,,,,,,,,,,,,,,,,,,,,,,,,,,,,,,,,,,,,,,,,,,,,,,,,,,,,,,,,,,,,,,,,,,
33322,66.6330773763276,,,,,,,,,,,,,,,,,,2.03034876328959E-16,,,,,,,,,,,,,,,,,,,,,,,,,,,,,,,,,,,,,,,,,,,,,,,,,,,,,,,,,,,,,,,,,,,,,,,,,,,,,,
33396,66.7810157469665,,,1.23925254607177E-16,,,,,,,,,,,,,,,,,,,,,,,,,,,,,,,,,,,,,,,,,,,,,,,,,,,,,,,,,,,,,,,,,,,,,,,,,,,,,,,,,,,,,,,,,,,,,
33858,67.7048712044315,,,,,,,,,,,,,,,,,,,,,,1.29309930090245E-16,,,,,,,,,,,,,,,,,,,,,,,,,,,,,,,,,,,,,,,,,,,,,,,,,,,,,,,,,,,,,,,,,,,,,,,,,,
33968,67.9252220690491,,,1.4251207144475E-16,,,,,,,,,,,,,,,,,,,,,,,,,,,,,,,,,,,,,,,,,,,,,,,,,,,,,,,,,,,,,,,,,,,,,,,,,,,,,,,,,,,,,,,,,,,,,
34197,68.3827540700748,,,,,,,,,,,,,,1.17257148978777E-15,,,,,,,,,,,,,,,,,,,,,,,,,,,,,,,,,,,,,,,,,,,,,,,,,,,,,,,,,,,,,,,,,,,,,,,,,,,,,,,,,,
34281,68.5507803083345,,,5.34468523540037E-16,,,,,,,,,,,,,,,,,,,,,,,,,,,,,,,,,,,,,,,,,,,,,,,,,,,,,,,,,,,,,,,,,,,,,,,,,,,,,,,,,,,,,,,,,,,,,
34530,69.0487632442497,,,,,,,,,,,,1.33934861008284E-16,,,,,,,,,,,,,,,,,,,,,,,,,,,,,,,,,,,,,,,,,,,,,,,,,,,,,,,,,,,,,,,,,,,,,,,,,,,,,,,,,,,,
35151,70.2905933347072,,,,,,,,,,,,,,,,,,,,,,,,,,,,,,,1.65384299646922E-15,,,,,,,,,,,,,,,,,,,,,,,,,,,,,,,,,,,,,,,,,,,,,,,,,,,,,,,,,,,,,,,,,
35427,70.8425550815295,,,,,,,,,7.022889774751E-17,,,,,,,,,,,,,,,,,,,,,,,,,,,,,,,,,,,,,,,,,,,,,,,,,,,,,,,,,,,,,,,,,,,,,,,,,,,,,,,,,,,,,,,
35525,71.0385224040247,,,,,,,,,,,,1.32911930131235E-16,,,,,,,,,,,,,,,,,,,,,,,,,,,,,,,,,,,,,,,,,,,,,,,,,,,,,,,,,,,,,,,,,,,,,,,,,,,,,,,,,,,,
35840,71.6684932243287,,,2.19739397270772E-15,,,,,,,,,,,,,,,,,,,,,,,,,,,,,,,,,,,,,,,,,,,,,,,,,,,,,,,,,,,,,,,,,,,,,,,,,,,,,,,,,,,,,,,,,,,,,
36097,72.1824027531911,,,,,,,,,,,,,,,,,3.79320059197902E-15,,,,,,,,,,,,,,,,,,,,,,,,,,,,,,,,,,,,,,,,,,,,,,,,,,,,,,,,,,,,,,,,,,,,,,,,,,,,,,,
36284,72.5563440345463,,,1.19904977966626E-16,,,,,,,,,,,,,,,,,,,,,,,,,,,,,,,,,,,,,,,,,,,,,,,,,,,,,,,,,,,,,,,,,,,,,,,,,,,,,,,,,,,,,,,,,,,,,
36337,72.6623697121668,,,1.22655329856141E-16,,,,,,,,,,,,,,,,,,8.40861819712987E-17,,1.92626586207615E-16,,,,,,,,,,,,,,,,,,,,,,,,,,,,,,,,,,,,,,,,,,,,,,,,,,,,,,,,,,,,,,,,,,,,,,,,,
36462,72.9123478455281,,,,,,,,,,,,,,,,,,,,,1.04568636287992E-16,,,,,,,,,,,,,,,,,,,,,,,,,,,,,,,,,,,,,,,,,,,,,,,,,,,,,,,,,,,,,,,,,,,,,,,,,,,
36521,73.0303223078541,,,,,,,,,,,,,,,,,,,,,,,,,,4.08744138251423E-16,,,,,,,,,,,,,,,,,,,,,,,,,,,,,,,,,,,,,,,,,,,,,,,,,,,,,,,,,,,,,,,,,,,,,,
36684,73.3562691973088,,,,,-4.83009447949817E-15,,,,,,,,,,,,,,,,,,,,,,,,,,,,,,,,,,,,,,,,,,,,,,,,,,,,,,,,,,,,,,,,,,,,,,,,,,,,,,,,,,,,,,,,,,,
36818,73.6242607476129,,,,,,1.047179178714E-16,,,,,,,,,,,,,,,,,,,,,,,,,,,,,,,,,,,,,,,,,,,,,,,,,,,,,,,,,,,,,,,,,,,,,,,,,,,,,,,,,,,,,,,,,,
36826,73.640243233822,,1.2108972855578E-15,,,,,,,,,,,,,,,,,,,,,,,,,,,,,,,,,,,,,,,,,,,,,,,,,,,,,,,,,,,,,,,,,,,,,,,,,,,,,,,,,,,,,,,,,,,,,,
36852,73.6922090339724,,,,,,,,,,,,,,,,,,,,,,,,,,3.83432794076793E-16,,,,,,,,,,,,,,,,,,,,,,,,,,,,,,,,,,,,,,,,,,,,,,,,,,,,,,,,,,,,,,,,,,,,,,
37005,73.9982084289599,,,,,,,,,,,,1.48047168250863E-16,,,,,,,,,,,,,,,,,,,,,,,,,,,,,,,,,,,,,,,,,,,,,,,,,,,,,,,,,,,,,,,,,,,,,,,,,,,,,,,,,,,,
37111,74.2101834109652,,,,,,,,,,,,,,7.97450834182324E-16,,,,,,,,,,,,,,,,,,,,,,,,,,,,,,,,,,,,,,,,,,,,,,,,,,,,,,,,,,,,,,,,,,,,,,,,,,,,,,,,,,
37133,74.2542435145683,,,,,,,,,,,,,,,,,,,,,,,,,,,3.1048511228781E-17,,,,,,,,,,,,,,,,,,,,,,,,,,,,,,,,,,,,,,,,,,,,,,,,,,,,,,,,,,,,,,,,,,,,,
37590,75.1681094381533,,,,,,,,,6.98637515011289E-17,,,,,,,,,,,,,,,,,,,,,,,,,,,,,,,,,,,,,,,,,,,,,,,,,,,,,,,,,,,,,,,,,,,,,,,,,,,,,,,,,,,,,,,
37734,75.4560642695711,,,,,,,,,,,,,,,,,,,4.54063199455306E-17,,,,,,,,,,,,,,,,,,,,,,,,,,,,,,,,,,,,,,,,,,,,,,,,,,,,,,,,,,,,,,,,,,,,,,,,,,,,,
38042,76.0720156944866,,,2.61829077347328E-16,,,,,,,,,,,,,,,,,,9.57829104412279E-17,,,,,,,,,,,,,,,,,,,,,,,,,,,,,,,,,,,,,,,,,,,,,,,,,,,,,,,,,,,,,,,,,,,,,,,,,,,
38291,76.5699593771187,,,,,,,,,,,,,,,,,,,,,,,,,,,,,,,1.50619048430479E-15,,,,,,,,,,,,,,,,,,,,,,,,,,,,,,,,,,,,,,,,,,,,,,,,,,,,,,,,,,,,,,,,,
38318,76.6239236813777,,,,,,,4.06447789150442E-14,4.41945209392276E-14,2.74823389965583E-14,3.55895640044154E-14,,,,,,,,,,,,,,,,,,,,,,,,,,,2.55967569396048E-17,,,,,,,,,,,,,,,,,,,,,,,,,,,,,,,,,,,,,,,,,,,,,,,,,,,,,,,,,,,
38671,77.3298713644313,,,1.252386392589E-16,,,,,,,,,,,,,,,,,,,,,,,,,,,,,,,,,,,,,,,,,,,,,,,,,,,,,,,,,,,,,,,,,,,,,,,,,,,,,,,,,,,,,,,,,,,,,
38800,77.5878661275314,,,,,,,,,,,,,,,,,,,,,,,,,,,,,,,,,,,,,,,,,,,,,,,,,,,,,,,,,,,,,,,,,,,,,,,,,,,,,,,,,,,,,,,,,,2.3520617317327E-16,,,,,,
38895,77.7778451910248,,,8.53577588815845E-16,,,,,,,,,,,,,,,,,,,,,,,,,,,,,,,,,,,,,,,,,,,,,,,,,,,,,,,,,,,,,,,,,,,,,,,,,,,,,,,,,,,,,,,,,,,,,
39137,78.2620544912369,,,,,,,,,,,,,,,,,,,,,,,,,,,,,,,,,,,,,,,,,,,,,,,,,,,,,,,,,,,,,,,,,,,,,,,,,,,,,,,,2.46301909816974E-17,,,,,,,,,,,,,,,,
39531,79.0497326296756,,,1.38116798246769E-16,,,,,,,,,,,,,,,,,,,1.96056425651105E-16,,5.02975636907411E-16,,,,,,,,,,,,,,,,,,,,,,,,,,,,,,,,,,,,,,,,,,,,,,,,,,,,,,,,,,,,,,,,,,,,,,,,
39676,79.339739298467,4.3718850078144E-16,,,,,,,,,,,,,,,,,,,,,,,,,,,,,,,,,,,,,,,,,,,,,,,,,,,,,,,,,,,,,,,,,,,,,,,,,,,,,,,,,,,,,,,,,,,,,,,
39735,79.4577436274215,2.85780952091655E-16,,,,,,,,,,,,,,,,,,,,,,,,,,,,,,,,,,,,,,,,,,,,,,,,,,,,,,,,,,,,,,,,,,,,,,,,,,,,,,,,,,,,,,,,,,,,,,,
39741,79.4697337987407,,,1.94659708315442E-16,,,,,,,,,,,,,,,,,,,,,,,,,,,,,,,,,,,,,,,,,,,,,,,,,,,,,,,,,,,,,,,,,,,,,,,,,,,,,,,,,,,,,,,,,,,,,
39987,79.9616986090258,,,,,,,,,,,,1.58093477316667E-16,,,,,,,,,,,,,,,,,,,,,,,,,,,,,,,,,,,,,,,,,,,,,,,,,,,,,,,,,,,,,,,,,,,,,,,,,,,,,,,,,,,,
40081,80.1496207151522,,,,,,,,,,,,,,,,,,2.2610693901603E-16,,,,,,,,,,,,,,,,,,,,,,,,,,,,,,,,,,,,,,,,,,,,,,,,,,,,,,,,,,,,,,,,,,,,,,,,,,,,,,
40138,80.2635930492676,,,1.94902606639832E-16,,,,,,,,,,,,,,,,,,,,,,,,,,,,,,,,,,,,,,,,,,,,,,,,,,,,,,,,,,,,,,,,,,,,,,,,,,,,,,,,,,,,,,,,,,,,,
40215,80.4175704521765,,,,,,,,,,,,1.27343927009794E-16,,,,,,,,,,,,,,,,,,,,,,,,,,,,,,,,,,,,,,,,,,,,,,,,,,,,,,,,,,,,,,,,,,,,,,,,,,,,,,,,,,,,
40418,80.8235185192296,,,,,,,,,,,,1.34085047206197E-16,,,,,,,,,,,,,,,,,,,,,,,,,,,,,,,,,,,,,,,,,,,,,,,,,,,,,,,,,,,,,,,,,,,,,,,,,,,,,,,,,,,,
40425,80.837551567934,,,,,,,,,,,,,,,,,,,,,1.07253813673983E-16,,,,,,,,,,,,,,,,,,,,,,,,,,,,,,,,,,,,,,,,,,,,,,,,,,,,,,,,,,,,,,,,,,,,,,,,,,,
40483,80.9535074728438,,,,,,,,,,,,,,,,,,,,,,,,,,3.33670279154174E-16,,,,,,,,,,,,,,,,,,,,,,,,,,,,,,,,,,,,,,,,,,,,,,,,,,,,,,,,,,,,,,,,,,,,,,
40777,81.5414461336156,,,,,,,,,,,,1.19040328226159E-16,,,,,,,,,,,,,,,,,,,,,,,,,,,,,,,,,,,,,,,,,,,,,,,,,,,,,,,,,,,,,,,,,,,,,,,,,,,,,,,,,,,,
40838,81.6634542974452,3.30891656772452E-16,,2.30558324096072E-16,,,,,,,,,,,,,,,,,,,5.34873701972715E-16,,5.92110676136536E-16,,6.31430900599747E-16,,,,,,,,,,,,,,,,,,,,,,,,,,,,,,,,,,,,,,,,,,,,,,,,,,,,,,,,,,,,,,,,,,,,,,
40865,81.7174087883834,,,,,,,,,,,,,,,,,,,,,9.03588495513751E-17,,,,,,,,,,,,,,,,,,,,,,,,,,,,,,,,,,,,,,,,,,,,,,,,,,,,,,,,,,,,,,,,,,,,,,,,,,,
40896,81.7794157490145,,,,,,,,,,,,,,,,,,1.82149320737262E-16,,,,,,,,,,,,,,,,,,,,,,,,,,,,,,,,,,,,,,,,,,,,,,,,,,,,,,,,,,,,,,,,,,,,,,,,,,,,,,
40965,81.9174140790433,3.61394292869554E-16,,,,,,,,,,,,,,,,,,,,,,,,,,,,,,,,,,,,,,,,,,,,,,,,,,,,,,,,,,,,,,,,,,,,,,,,,,,,,,,,,,,,,,,,,,,,,,,
41127,82.241382517697,,,,,-5.90085365201899E-15,1.0135574668254E-16,,,,,,,,,,,,,,,,,,,,,,,,,,,,,,,,,,,,,,,,,,,,,,,,,,,,,,,,,,,,,,,,,,,,,,,,,,,,,,,,,,,,,,,,,,
41172,82.3313612825242,,,,,,,,,,,,,2.67735667774974E-16,,,,,,,,,,,,,,,,,,,,,2.59627871292459E-17,,,,,,,,,,,,,,,,,,,,,,,,,,,,,,,,,,,,,,,,,,,,,,,,,,,,,,,,,,,,,,
41179,82.3453729979226,,,,,,,,,,,,1.46144098261033E-16,,,,,,,,,,,,,,,,,,,,,,,,,,,,,,,,,,,,,,,,,,,,,,,,,,,,,,,,,,,,,,,,,,,,,,,,,,,,,,,,,,,,
41642,83.2712726127711,,,,,,,,,,,,1.2519899457168E-16,,,,,,,,,,,,,,,,,,,,,,,,,,,,,,,,,,,,,,,,,,,,,,,,,,,,,,,,,,,,,,,,,,,,,,,,,,,,,,,,,,,,
41948,83.8832027095005,,,,,,,,,,,,,,,,,,1.75892338923739E-16,,,,,,,,,,,,,,,,,,,,,,,,,,,,,,,,,,,,,,,,,,,,,,,,,,,,,,,,,,,,,,,,,,,,,,,,,,,,,,
42139,84.2651917672212,,,,,,,,,,,,,,,,,,,4.39968451558651E-17,,,,,,,,,,,,,,,,,,,,,,,,,,,,,,,,,,,,,,,,,,,,,,,,,,,,,,,,,,,,,,,,,,,,,,,,,,,,,
42149,84.285190888289,,,,,,,1.99638353694966E-15,2.17556584664939E-15,2.04727185570705E-15,1.8412792068777E-15,,,,,,,,,,,,,,,,,,,,,,,,,,,2.72939455192454E-17,,,,,,,,,,,,,,,,,,,,,,,,,,,,,,,,,,,,,,,,,,,,,,,,,,,,,,,,,,,
42210,84.4071410255262,,,,,,,,,,,,,,,,,3.84137380819947E-15,,,,,,,,,,,,,,,,,,,,,,,,,,,,,,,,,,,,,,,,,,,,,,,,,,,,,,,,,,,,,,,,,,,,,,,,,,,,,,,
42700,85.3870544379037,,,,,,,,,,,,,,,,,,,,,1.3432816750838E-16,,,,,,,,,,,,,,,,,,,,,,,,,,,,,,,,,,,,,,,,,,,,,,,,,,,,,,,,,,,,,,,,,,,,,,,,,,,
42859,85.705060644189,,,1.43473485942603E-16,,,,,,,,,,,,,,,,,,,,,,,,,,,,,,,,,,,,,,,,,,,,,,,,,,,,,,,,,,,,,,,,,,,,,,,,,,,,,,,,,,,,,,,,,,,,,
42931,85.8489636066599,,,3.39651938263037E-16,,,,,,,,,,,,,,,,,,,,,,,,,,,,,,,,,,,,,,,,,,,,,,,,,,,,,,,,,,,,,,,,,,,,,,,,,,,,,,,,,,,,,,,,,,,,,
43263,86.5129209434612,,,3.39367244751118E-16,,,,,,,,,,,,,,,,,,,,,,,,,,,,,,,,,,,,,,,,,,,,,,,,,,,,,,,,,,,,,,,,,,,,,,,,,,,,,,,,,,,,,,,,,,,,,
43439,86.8649448128706,,,2.13595975921294E-16,,,,,,,,,,,,,,,,,,,,,,,,,,,,,,,,,,,,,,,,,,,,,,,,,,,,,,,,,,,,,,,,,,,,,,,,,,,,,,,,,,,,,,,,,,,,,
43598,87.1828614192707,,,,,,,,,,,,,,8.44228696226955E-16,,,,,,,,,,,,,,,,,,,,,,,,,,,,,,,,,,,,,,,,,,,,,,,,,,,,,,,,,,,,,,,,,,,,,,,,,,,,,,,,,,
43610,87.2068430419076,,,,,,,,,,,,,,,,,,,,,1.82594791646734E-16,,1.84704907665293E-16,,,,,,,,,,,,,,,,,,,,,,,,,,,,,,,,,,,,,,,,,,,,,,,,,,,,,,,,,,,,,,,,,,,,,,,,,
43904,87.7948124226401,,,,,,,,,,,,,,8.68323256381544E-16,,,,,,,,,,,,,,,,,,,,,,,,,,,,,,,,,,,,,,,,,,,,,,,,,,,,,,,,,,,,,,,,,,,,,,,,,,,,,,,,,,
43912,87.8107957621814,,,,,,,,,,,,,,,,,,,,,1.83965960534216E-16,,1.64295995454486E-16,,,,,,,,,,,,,,,,,,,,,,,,,,,,,,,,,,,,,,,,,,,,,,,,,,,,,,,,,,,,,,,,,,,,,,,,,
44493,88.9726865416279,,,,,-4.54860055048834E-15,,,,,,,,,,,,,,,,,,,,,,,,,,,,,,,,,,,,,,,,,,,,,,,,,,,,,,,,,,,,,,,,,,,,,,,,,,,,,,,,,,,,,,,,,,,
44575,89.1366342784415,,,,,-5.0811370484017E-15,,,,,,,,,,,,,,,,,,,,,,,,,,,,,,,,,,,,,,,,,,,,,,,,,,,,,,,,,,,,,,,,,,,,,,,,,,,,,,,,,,,,,,,,,,,
44653,89.2926110387912,,,,,,,,,,,,,,7.49068991862132E-16,,,,,,,,,,,,,,,,,,,,,,,,,,,,,,,,,,,,,,,,,,,,,,,,,,,,,,,,,,,,,,,,,,,,,,,,,,,,,,,,,,
44804,89.5946065989036,,,1.39915140196667E-16,,,,,,,,,,,,,,,,,,,,,,,,,,,,,,,,,,,,,,,,,,,,,,,,,,,,,,,,,,,,,,,,,,,,,,,,,,,,,,,,,,,,,,,,,,,,,
45222,90.4305163556057,3.06230632555021E-16,,,,,,,,,,,,,,,,,,,,,,,,,,,,,,,,,,,,,,,,,,,,,,,,,,,,,,,,,,,,,,,,,,,,,,,,,,,,,,,,,,,,,,,,,,,,,,,
45260,90.5065367382996,,,,,,,,,,,,,,8.81732110249277E-16,,,,,,,,,,,,,,,,,,,,,,,,,,,,,,,,,,,,,,,,,,,,,,,,,,,,,,,,,,,,,,,,,,,,,,,,,,,,,,,,,,
45327,90.6406848332567,,,,,,,,,,,,,,8.17292839273408E-16,,,,,,,,,,,,,,,,,,,,,,,,,,,,,,,,,,,,,,,,,,,,,,,,,,,,,,,,,,,,,,,,,,,,,,,,,,,,,,,,,,
45757,91.5004678394012,,,,,,,,,,,,1.64527577689491E-16,,,,,,,,,,,,,,,,,,,,,,,,,,,,,,,,,,,,,,,,,,,,,,,,,,,,,,,,,,,,,,,,,,,,,,,,,,,,,,,,,,,,
45930,91.8463963566127,,,,,,,,,,,,,,,,,,,,,,,,,,,,,,,,,,,,,,,,,,,,,,,,,,,,,,,,,,,,,,,,,,,,,,,,,,,,,,,,5.31402194702999E-17,,,,,,,,,,,,,,,,
46223,92.432315606636,,,,,,,,,,,,,,,,,,,,,,,,,,,3.58503353666909E-17,,,,,,,,,,,,,,,,,,,,,,,,,,,,,,,,,,,,,,,,,,,,,,,,,,,,,,,,,,,,,,,,,,,,,
46469,92.9242791369227,,,,,,,,,7.27954422985356E-17,,,,,,,,,,,,,,,,,,,,,,,,,,,,,,,,,,,,,,,,,,,,,,,,,,,,,,,,,,,,,,,,,,,,,,,,,,,,,,,,,,,,,,,
46590,93.1662598405207,,,,,,,5.77744589372462E-16,,,,,,,,,,,,,,,,,,,,,,,,,,,,,,,,,,,,,,,,,,,,,,,,,,,,,,,,,,,,,,,,,,,,,,,,,,,,,,,,,,,,,,,,,
46692,93.3702164861229,,,,,,,,,,,,,,,,,,,,,,,,,,,,,,,,,,,,,,,,,,,,,,,,,,,,,,,,1.06376060695118E-16,,,,,,,,,,,,,,,,,,,,,,,,,,,,,,,,,,,,,,,,
46725,93.4362362416176,6.55207819604101E-16,,1.5293216953403E-14,-5.54964227224808E-14,,,,,4.26902628579288E-16,,,,,1.53288865477756E-15,,,5.46961815933548E-15,,,,,,,,,,,,,,,,3.48079001635025E-17,,,,,,,,,,,,,,,,,,,,,,,2.01011446219019E-16,1.99083623988953E-16,,,,,,,,,,,,,,,,,,,,,,,,,,,,,,,,,,,,,,,
46842,93.6702485287485,3.66860036729789E-16,,,,,,,,,,,,,,,,,,,,,,,,,,,,,,,,,,,,,,,,,,,,,,,,,,,,,,,,,,,,,,,,,,,,,,,,,,,,,,,,,,,,,,,,,,,,,,,
47051,94.0881859137887,9.21550904396126E-15,9.08980629824959E-15,6.53821406843488E-14,-1.17197152537935E-13,-5.6011877989327E-15,,9.19875973959331E-15,1.15506083843604E-14,9.42991941529423E-15,7.2960774156263E-15,,,,7.7991206748367E-15,3.13039782401392E-16,4.13646142793564E-14,8.26534190271956E-15,,,,2.13355402806294E-16,1.59358518842995E-15,2.31050962838604E-16,1.01495428739501E-15,1.32592047057393E-15,1.86585293925922E-15,,6.26443305413161E-17,,,,,,1.61546374544069E-15,,4.55165529396148E-16,,3.19177964760401E-16,,,,,,,,,,5.85283209009726E-17,1.24941324949336E-15,9.79464972256534E-16,2.05887212177274E-16,1.55930165837108E-16,,,,2.07381399323947E-16,1.72623727724296E-16,1.82126370562365E-17,2.98402194526312E-17,,,,,,,,,,,,,,,,,,,,,,,,,,,,,,,,,,1.22536829498998E-15,1.05042672530679E-15,5.41278207154049E-17,
47055,94.0961918768744,,,2.0023126931395E-16,,,,,,,,,,,,,,,,,,,,,,,,,,,,,,,,,,,,,,,,,,,,,,,,,,,,,,,,,,,,,,,,,,,,,,,,,,,,,,,,,,,,,,,,,,,,,
47086,94.158197130841,,,7.55010792958562E-16,,,,,,,,,,,,,,,,,,,,,,,,,,,,,,,,,,,,,,,,,,,,,,,,,,,,,,,,,,,,,,,,,,,,,,,,,,,,,,,,,,,,,,,,,,7.72247965460003E-17,6.4172144175079E-17,,
47088,94.1622214456899,,,1.75614518022781E-15,,,,,,7.48106799139728E-17,,,,,,,,,,,,,,,,,,,,,,,,,,,,,,,,,,,,,,,,,,,,,,,,,,,,,,,,,,,,,,,,,,,,,,,,,,,,,,,,,,,,2.52289557390324E-16,1.61361485170037E-16,,
47148,94.2821453455206,,,6.2171314863788E-16,,,,,,,,,,,,,,,,,,,,,,,,,,,,,,,,,,,,,,,,,,,,,,,,,,,,,,,,,,,,,,,,,,,,,,,,,,,,,,,,,,,,,,,,,,,8.84489857878614E-17,,
47185,94.3561450374677,,,,,,,2.36303864838773E-15,3.28549844545953E-15,1.81653446297161E-15,1.55296135492242E-15,,,,,,,,,,,,,,,,,,,,,,,,,,,,,,,,,,,,,,,,,,,,,,,,,,,,,,,,,,,,,,,,,,,,,,,,,,,,,,,,,,,,,,
47195,94.3761330652163,1.00468384146716E-15,,1.4444970189859E-15,,,,,,,,,,,,,,,,,,,,,,,,,,,,,,,,,,,,,,,,,,,,,,,,,,,,,,,,,,,,,,,,,,,,,,,,,,,,,,,,,,,,,,,,,,7.32133173235897E-17,4.40385335425559E-17,,
47582,95.150080234564,,,,,,,,,,,,,,,,,,,,,,,,,,,,,,,1.50223391462268E-15,,,,,,,,,,,,,,,,,,,,,,,,,,,,,,,,,,,,,,,,,,,,,,,,,,,,,,,,,,,,,,,,,
47718,95.4219843131934,3.32679527229199E-16,,,,,,,,,,,,,,,,,,,,,,,,,,,,,,,,,,,,,,,,,,,,,,,,,,,,,,,,,,,,,,,,,,,,,,,,,,,,,,,,,,,,,,,,,,,,,,,
47768,95.5219965585111,,,,,,,,,,,,,,,,,,,,,,,,,,,,,,,1.27851781666304E-15,,,,,,,,,,,,,,,,,,,,,,,,,,,,,,,,,,,,,,,,,,,,,,,,,,,,,,,,,,,,,,,,,
48073,96.1319695377457,,,,,,,,,,,,,,,,,,,,,,,,,,3.44802444254988E-16,,,,,,,,,,,,,,,,,,,,,,,,,,,,,,,,,,,,,,,,,,,,,,,,,,,,,,,,,,,,,,,,,,,,,,
48133,96.2519454908431,,,,,,,,,,,,,,,,,,,,,,2.44665939280947E-16,,2.53011736534027E-16,,,,,,,,,,,,,,,,,,,,,,,,,,,,,,,,,,,,,,,,,,,,,,,,,,,,,,,,,,,,,,,,,,,,1.965869662454E-16,,,,
48636,97.2578343366387,,,2.74261064945225E-15,,,,,,,,,,,,,,,,,,,,,,,,,,,,,,,,,,,,,,,,,,,,,,,,,,,,,,,,,,,,,,,,,,,,,,,,,,,,,,,,,,,,,,,,,,,,,
48684,97.353806480461,,,,,,,,,,,,,,,,,,,,,,,,,,,,,,,,,,,,,,,,,,,,,,,,,,,,,,,,,,,,,,,,,,,,,,,,,,,,,,,,6.40223031284291E-17,,,,,,,,,,,,,,,,
48801,97.5877876209652,,,,,,,,,7.68595090613047E-17,,,,,,,,,,,,,,,,,,,,,,,,,,,,,,,,,,,,,,,,,,,,,,,,,,,,,,,,,,,,,,,,,,,,,,,,,,,,,,,,,,,,,,,
49580,99.145623706935,,,,,,,,,,,,,,,,,,,,,1.04988058080145E-16,,,,,,,,,,,,,,,,,,,,,,,,,,,,,,,,,,,,,,,,,,,,,,,,,,,,,,,,,,,,,,,,,,,,,,,,,,,
49733,99.4515855553038,,,,,,,,,6.84914431379319E-17,,,,,,,,,,,,,,,,,,,,,,,,,,,,,,,,,,,,,,,,,,,,,,,,,,,,,,,,,,,,,,,,,,,,,,,,,,,,,,,,,,,,,,,
49892,99.7695695749509,,,,,,,,,,,,1.74417094011877E-16,,,,,,,,,,,,,,,,,,,,,,,,,,,,,,,,,,,,,,,,,,,,,,,,,,,,,,,,,,,,,,,,,,,,,,,,,,,,,,,,,,,,
50134,100.253510502173,,,,,,,,,,,,,,,,,,1.80360080213277E-16,,,,,,,,,,,,,,,,,,,,,,,,,,,,,,,,,,,,,,,,,,,,,,,,,,,,,,,,,,,,,,,,,,,,,,,,,,,,,,
50164,100.31351853203,,,,,,,,,,,,,,,,,,,,,,1.42784399239747E-16,,,,,,,,,,,,,,,,,,,,,,,,,,,,,,,,,,,,,,,,,,,,,,,,,,,,,,,,,,,,,,,,,,,,,,,,,,
50215,100.415513494809,,,,,,,,,,,,,,1.02483494800523E-15,,,,,,,,,,,,,,,,,,,,,,,,,,,,,,,,,,,,,,,,,,,,,,,,,,,,,,,,,,,,,,,,,,,,,,,,,,,,,,,,,,
50577,101.139454968164,,,,,,,,,,,,,,,,,,1.69157709074357E-16,,,,,,,,,,,,,,,,,,,,,,,,,,,,,,,,,,,,,,,,,,,,,,,,,,,,,,,,,,,,,,,,,,,,,,,,,,,,,,
50647,101.279427055667,,,,,,,,,,,,1.31171528761026E-16,,,,,,,,,,,,,,,,,,,,,,,,,,,,,,,,,,,,,,,,,,,,,,,,,,,,,,,,,,,,,,,,,,,,,,,,,,,,,,,,,,,,
50687,101.359419699943,,,,,,,,,,,,,,,,,,,,,,,,1.8845846197197E-16,,,,,,,,,,,,,,,,,,,,,,,,,,,,,,,,,,,,,,,,,,,,,,,,,,,,,,,,,,,,,,,,,,,,,,,,
52187,104.359191433568,,,,,,,,,,,,,,,,,,,,,1.48502284167469E-16,,,,,,,,,,,,,,,,,,,,,,,,,,,,,,,,,,,,,,,,,,,,,,,,,,,,,,,,,,,,,,,,,,,,,,,,,,,
52292,104.569088551567,,,,,,,,,,,,,,,,,,,,,,,,,,,,,,,,,,,,,,,,,,,,,,,,,,,,,,,,,,,,,,,,,,,,,,,,,,,,,,,,4.90350418962144E-17,,,,,,,,,,,,,,,,
52361,104.707258401376,,,2.31311746970906E-16,,,,,,,,,,,,,,,,,,,,,,,,,,,,,,,,,,,,,,,,,,,,,,,,,,,,,,,,,,,,,,,,,,,,,,,,,,,,,,,,,,,,,,,,,,,,,
52565,105.115125612639,,,,,,,,,,,,,,,,,,,,,3.93571390752447E-16,,4.62864526476733E-16,,,,,,,,,,,,,,,,,,,,,,,,,,,,,,,,,,,,,,,,,,,,,,,,,,,,,,,,,,,,,,,,,,,,,,,,,
52874,105.732971008464,,,5.9363054037345E-16,,,,,,,,,,,,,,,,,,,,,,,,,,,,,,,,,,,,,,,,,,,,,,,,,,,,,,,,,,,,,,,,,,,,,,,,,,,,,,,,,,,,,,,,,,,,,
52903,105.791065867436,,,,,,,,,,,,,,,,,3.7327006411661E-15,,,,,,,,,,,,,,,,,,,,,,,,,,,,,,,,,,,,,,,,,,,,,,,,,,,,,,,,,,,,,,,,,,,,,,,,,,,,,,,
52981,105.946928707931,3.65044997230528E-16,,2.78818641345624E-16,,,,,,5.30736450793624E-16,,,,,8.04711288165771E-16,,,,,,,,1.26623274143447E-16,,,,,,,,,,,,,,,,,,,,,,,,,,,,,,,,,,,,,,,,,,,,,,,,,,,,,,,,,,,,,,,,,,,,,,,,,,
53304,106.592878174449,,,1.77549586632555E-15,,,,,,3.80186260776989E-16,,,,,1.4223976110724E-15,5.19976017138106E-17,,4.48800624662295E-15,,,,,1.30761753493888E-16,,,,4.478035761273E-16,,,,,,,,,,,,,,,,,,,,,,,,,,,,,,,,,,,,,,,,,,,,,,,,,,,,,,,,,,,,,,,,,,,,,,
53759,107.502821329722,,,,,,,,,,,,,,,,,,,,,,,,,,,,,,,,,,,,,,,,,,,,,,,,,,,,,,,1.41890131427027E-17,,,,,,,,,,,,,,,,,,,,,,,,,,,,,,,,,,,,,,,,,
53772,107.528760069854,,,,,,,,,,,,,,7.69282406505824E-16,,,,,,,,,,,,,,,,,,,,,,,,,,,,,,,,,,,,,,,,,,,,,,,,,,,,,,,,,,,,,,,,,,,,,,,,,,,,,,,,,,
53849,107.682752406077,,,,,,,,,,,,,,,,,,1.61254834078632E-16,,,,,,,,,,,,,,,,,,,,,,,,,,,,,,,,,,,,,,,,,,,,,,,,,,,,,,,,,,,,,,,,,,,,,,,,,,,,,,
53856,107.696774788128,,,,,,,,,,,,,,1.36880549356251E-15,,,,,,,,,,,,,,,,,,,,,,,,,,,,,,,,,,,,,,,,,,,,,,,,,,,,,,,,,,,,,,,,,,,,,,,,,,,,,,,,,,
54118,108.220722064142,,,1.33951655894442E-16,,,,,,,,,,,,,,,,,,,,,,,,,,,,,,,,,,,,,,,,,,,,,,,,,,,,,,,,,,,,,,,,,,,,,,,,,,,,,,,,,,,,,,,,,,,,,
54125,108.234695806256,,,,,,,,,,,,,,7.56348494225175E-16,,,,,,,,,,,,,,,,,,,,,,,,,,,,,,,,,,,,,,,,,,,,,,,,,,,,,,,,,,,,,,,,,,,,,,,,,,,,,,,,,,
54236,108.456757602017,,,,,,,,,,,,,,,,,,,,,,,,,,,,,,,,,,2.58630029148443E-17,,,,,,,,,,,,,,,,,,,,,,,,,,,,,,,,,,,,,,,,,,,,,,,,,,,,,,,,,,,,,,
54379,108.742679796037,,,,,,,,,,,,,,,,,,,,,,,,,,,,,,,,,,,,,,,,,,,,,,,,,,,,,,,,,,,,,,,,,,,,,,,,,1.03873288137143E-17,,,,,,,,,,,,,,,,,,,,,,,
54441,108.866618197395,,,,,,,,,,,,,,,,,,,,,1.05875788906693E-16,,,,,,,,,,,,,,,,,,,,,,,,,,,,,,,,,,,,,,,,,,,,,,,,,,,,,,,,,,,,,,,,,,,,,,,,,,,
54647,109.278588230074,,,1.64672595192919E-16,,,,,,,,,,,,,,,,,,2.57614139629709E-16,,2.32617872824925E-16,,,,,,,,,,,,,,,,,,,,,,,,,,,,,,,,,,,,,,,,,,,,,,,,,,,,,,,,,,,,,,,,,,,,,,,,,
54760,109.504583887466,,,1.65369756634392E-16,,,,,,,,,,,,,,,,,,,,,,,,,,,,,,,,,,,,,,,,,,,,,,,,,,,,,,,,,,,,,,,,,,,,,,,,,,,,,,,,,,,,,,,,,,,,,
54839,109.662619738513,,,,,,,,,,,,,,,,,,,,,8.14772802070905E-17,,,,,,,,,,,,,,,,,,,,,,,,,,,,,,,,,,,,,,,,,,,,,,,,,,,,,,,,,,,,,,,,,,,,,,,,,,,
54858,109.70058107659,,,1.63467457337775E-16,,,,,,,,,,,,,,,,,,,,,,,,,,,,,,,,,,,,,,,,,,,,,,,,,,,,,,,,,,,,,,,,,,,,,,,,,,,,,,,,,,,,,,,,,,,,,
54981,109.946540015095,3.68788736619154E-16,,,,,,,,,,,,,,,,,,,,,,,,,,,,,,,,,,,,,,,,,,,,,,,,,,,,,,,,,,,,,,,,,,,,,,,,,,,,,,,,,,,,,,,,,,,,,,,
55284,110.552475452831,,,,,,,,,,,,,,8.36939313943386E-16,,,,,,,,,,,,,,,,,,,,,,,,,,,,,,,,,,,,,,,,,,,,,,,,,,,,,,,,,,,,,,,,,,,,,,,,,,,,,,,,,,
55457,110.898423596684,,,,,,,,,,,,,,,,,,,,,,,,,,,,,,,1.45306281396443E-15,,,,,,,,,,,,,,,,,,,,,,,,,,,,,,,,,,,,,,,,,,,,,,,,,,,,,,,,,,,,,,,,,
55826,111.636346065477,,,3.01119717377765E-16,,,,,,,,,,,,,,,,,,,,,,,,,,,,,,,,,,,,,,,,,,,,,,,,,,,,,,,,,,,,,,,,,,,,,,,,,,,,,,,,,,,,,,,,,,,,,
55857,111.698550572522,,,,,,,,,,,,,,,,,,,,,,,,,,,,,,,,,,2.92175687288131E-17,,,,,,,,,,,,,,,,,,,,,,,,,,,,,,,,,,,,,,,,,,,,,,,,,,,,,,,,,,,,,,
56459,112.902239698467,5.05937068780482E-16,,,,,,,,,,,,,,,,,,,,,,,,,,,,,,,,,,,,,,,,,,,,,,,,,,,,,,,,,,,,,,,,,,,,,,,,,,,,,,,,,,,,,,,,,,,,,,,
56477,112.938271652346,,,,,,,,,,,,,,,,,,1.71794397937162E-16,,,,,,,,,,,,,,,,,,,,,,,,,,,,,,,,,,,,,,,,,,,,,,,,,,,,,,,,,,,,,,,,,,,,,,,,,,,,,,
56713,113.41023990156,,,,,,,,,,,,,,8.39691618359696E-16,,,,,,,,,,,,,,,,,,,,,,,,,,,,,,,,,,,,,,,,,,,,,,,,,,,,,,,,,,,,,,,,,,,,,,,,,,,,,,,,,,
56816,113.616168597971,,,,,,,,,,,,,,,,,,,3.7529498477081E-17,,,,,,,,,,,,,,,,,,,,,,,,,,,,,,,,,,,,,,,,,,,,,,,,,,,,,,,,,,,,,,,,,,,,,,,,,,,,,
57076,114.136150865727,7.68483192332029E-16,,3.46562677852844E-15,-1.98835757042655E-14,,,,,,,,,,1.13492576493901E-15,,,,,,,,,,,,,,,,,,,,,,,,,,,,,,,,,,,,,,,,,,,,,,,,,,,,,,,,,,,,,,,,,,,,,,,,,,,,,,,,,,
57136,114.256462605061,,,,,,,,,,,,,,,,,,2.04361642593603E-16,,,,,,,,,,,,,,,,,,,,,,,,,,,,,,,,,,,,,,,,,,,,,,,,,,,,,,,,,,,,,,,,,,,,,,,,,,,,,,
57646,115.276011593372,,,,,,,,,,,,1.2709580820226E-16,,,,,,,,,,,,,,,,,,,,,,,,,,,,,,,,,,,,,,,,,,,,,,,,,,,,,,,,,,,,,,,,,,,,,,,,,,,,,,,,,,,,
57831,115.645988719801,3.84298402644102E-16,,,,,,,,,,,,,,,,,,,,,,,,,,,,,,,,,,,,,,,,,,,,,,,,,,,,,,,,,,,,,,,,,,,,,,,,,,,,,,,,,,,,,,,,,,,,,,,
58288,116.559879816687,,,,,,,,,,,,,,,,,,1.90680458388588E-16,,,,,,,,,,,,,,,,,,,,,,,,,,,,,,,,,,,,,,,,,,,,,,,,,,,,,,,,,,,,,,,,,,,,,,,,,,,,,,
58460,116.9038021498,,,,,,,,,,,,,,,,,,,,,,,,2.03731897528114E-16,,,,,,,,,,,,,,,,,,,,,,,,,,,,,,,,,,,,,,,,,,,,,,,,,,,,,,,,,,,,,,,,,,,,,,,,
58753,117.4897657731,,,2.49059906808212E-16,,,,,,,,,,,,,,,,,,,,,,,,,,,,,,,,,,,,,,,,,,,,,,,,,,,,,,,,,,,,,,,,,,,,,,,,,,,,,,,,,,,,,,,,,,,,,
58847,117.677727985842,,,1.95159130334062E-16,,,,,,,,,,,,,,,,,,7.50867623510726E-16,,6.17084049902533E-16,,,,,,,,,,,,,,,,,,,,,,,,,,,,,,,,,,,,,,,,,,,,,,,,,,,,,,,,,,,,,,,,,,,,,,,3.18724038040365E-17,,
59142,118.267688190692,,,,,,,,,,,,,,,,,,,,,,,,,,,,,,,,,,,,,,,,,,,,,,,,,,,,,,,,,,,,,,,,,,,,,,,,,,,,,,,,3.02909024845488E-17,,,,,,,,,,,,,,,,
59282,118.547752685543,,,,,,,,,,,,,,9.25748185909497E-16,,,4.1741830243303E-15,,,,,,,,,,,,,,,,,,,,,,,,,,,,,,,,,,,,,,,,,,,,,,,,,,,,,,,,,,,,,,,,,,,,,,,,,,,,,,,
59346,118.6756253752,,,,,,,,,,,,,,,,,,1.56721197913158E-16,,,,,,,,,,,,,,,,,,,,,,,,,,,,,,,,,,,,,,,,,,,,,,,,,,,,,,,,,,,,,,,,,,,,,,,,,,,,,,
59373,118.729590532791,,,2.11556424309307E-16,,,,,,,,,,,,,,,,,,8.58713930546497E-17,,,,,,,,,,,,,,,,,,,,,,,,,,,,,,,,,,,,,,,,,,,,,,,,,,,,,,,,,,,,,,,,,,,,,,,,,,,
59471,118.92576308169,4.11964271134823E-16,,,,,,,,,,,,,,,,3.96231770832111E-15,,,,,,,,,,,,,,,,,,,,,,,,,,,,,,,,,,,,,,,,,,,,,,,,,,,,,,,,,,,,,,,,,,,,,,,,,,,,,,,
59498,118.979612186096,,,,,,,,,,,,,,,,,,,,,,2.68115654784254E-16,,3.00985581730429E-16,,,,,,,,,,,,,,,,,,,,,,,,,,,,,,,,,,,,,,,,,,,,,,,,,,,,,,,,,,,,,,,,,,,,,,,,
59605,119.193578418886,,,,,,,,,,,,1.12007805017731E-16,,,,,,,,,,,,,,,,,,,,,,,,,,,,,,,,,,,,,,,,,,,,,,,,,,,,,,,,,,,,,,,,,,,,,,,,,,,,,,,,,,,,
59623,119.229585199464,,,1.31012922828082E-16,,,,,,,,,,,,,,,,,,,,,,,,,,,,,,,,,,,,,,,,,,,,,,,,,,,,,,,,,,,,,,,,,,,,,,,,,,,,,,,,,,,,,,,,,,,,,
59691,119.365572652067,,,,,,,,,,,,1.26337004893052E-16,,,,,,,,,,,,,,,,,,,,,,,,,,,,,,,,,,,,,,,,,,,,,,,,,,,,,,,,,,,,,,,,,,,,,,,,,,,,,,,,,,,,
59743,119.469651452179,3.12445625440196E-16,,,,,,,,,,,,,,,,,,,,,,,,,,,,,,,,,,,,,,,,,,,,,,,,,,,,,,,,,,,,,,,,,,,,,,,,,,,,,,,,,,,,,,,,,,,,,,,
59768,119.519602108243,,,,,,,6.90536934734707E-16,,,,,,,,,,4.78662842194787E-15,,,,,,,,,,,,,,,,,,,,,,,,,,,,,,,,,,,,,,,,,,,,,,,,,,,,,,,,,,,,,,,,,,,,,,,,,,,,,,,
59938,119.85953937979,,,,,,8.41546056634517E-17,,,,,,,,,,,,,,,,,,,,,,,,,,,,,,,,,,,,,,,,,,,,,,,,,,,,,,,,,,,,,,,,,,,,,,,,,,,,,,,,,,,,,,,,,,
60194,120.371464057859,,,,,,,,,,,,1.52102195670452E-16,,,,,,,,,,,,,,,,,,,,,,,,,,,,,,,,,,,,,,,,,,,,,,,,,,,,,,,,,,,,,,,,,,,,,,,,,,,,,,,,,,,,
60196,120.375503306022,,,,,,,,,,,,,,,,,,,,,7.43208007560229E-17,,,,,,,,,,,,,,,,,,,,,,,,,,,,,,,,,,,,,,,,,,,,,,,,,,,,,,,,,,,,,,,,,,,,,,,,,,,
60704,121.391359072394,3.41386490325889E-16,,,,,,,,,,,,,,,,,,,,,,,,,,,,,,,,,,,,,,,,,,,,,,,,,,,,,,,,,,,,,,,,,,,,,,,,,,,,,,,,,,,,,,,,,,,,,,,
60758,121.499441280715,,,,,,,,,,,,,,,,,,,,,,,,,,,,,,,,,,,,,,,,,,,,,,,,,,,4.85831484380165E-17,,,,,,,,,,,,,,,,,,,,,,,,,,,,,,,,,,,,,,,,,,,,,
60796,121.575333663573,,,,,,,,,,,,,,,,,,,,,,,,,,,,,,,,,,,,,,,,,,,,,,,,,7.67921219681772E-17,4.83859640865347E-17,,,,,,,,,,,,,,,,,,,,,,,,,,,,,,,,,,,,,,,,,,,,,,
60930,121.843300893908,,,,-6.38023002995777E-14,,,,,,,,,,,,,,,,,,,,,,,,,,,,,,,,,,,,,,,,,,,,,,,,,,,,,,,,,,,,,,,,,,,,,,,,,,,,,,,,,,,,,,,,,,,,
61060,122.103429414277,,,8.88668401315546E-16,-2.65916782320035E-14,,,,,,,,,,,,,,,,,1.16996191139901E-16,,1.91450701222143E-16,,,,,,,,,,,,,,,,,,,,,,,,,,,,,,,,,,,,,,,,,,,,,,,,,,,,,,,,,,,,,,,,,,,,,,,,,
61116,122.215290604428,,,,,,,,,,,,,,,,,,,,,,,,,,,,,,,,,,,,,,,,,,,,,,,,,,,,,,,,,,,1.48692035757545E-17,,,,,,,,,,,,,,,,,,,,,,,,,,,,,,,,,,,,,
61986,123.955117284117,,1.39063973008604E-15,,,,,,,,,,,,,,,,,,,,,,,,,,,,,,,,,,,,,,,,,,,,,,,,,,,,,,,,,,,,,,,,,,,,,,,,,,,,,,,,,,,,,,,,,,,,,,
62106,124.195097776942,,,,,,,,,,,,1.34760769122217E-16,,,,,,,,,,,,,,,,,,,,,,,,,,,,,,,,,,,,,,,,,,,,,,,,,,,,,,,,,,,,,,,,,,,,,,,,,,,,,,,,,,,,
62212,124.407046305647,,,,,,,,,,,,,,,,,,1.77279877182225E-16,,,,,,,,,,,,,,,,,,,,,,,,,,,,,,,,,,,,,,,,,,,,,,,,,,,,,,,,,,,,,,,,,,,,,,,,,,,,,,
62224,124.431086808209,,,,,,,,,,,,,,,,,,,,,,,,,,,,,,,1.65889755647673E-15,,,,,,,,,,,,,,,,,,,,,,,,,,,,,,,,,,,,,,,,,,,,,,,,,,,,,,,,,,,,,,,,,
62338,124.659196596228,,,,,,,,,,,,,,,,,,,4.18007650343799E-17,,,,,,,,,,,,,,,,,,,,,,,,,,,,,,,,,,,,,,,,,,,,,,,,,,,,,,,,,,,,,,,,,,,,,,,,,,,,,
62395,124.773032397185,,,,,,,,,,,,,,,,,3.39535624349548E-15,,,,,,,,,,,,,,,,,,,,,,,,,,,,,,,,,,,,,,,,,,,,,,,,,,,,,,,,,,,,,,,,,,,,,,,,,,,,,,,
62494,124.971027663751,,,,,,,,,,,,,,,,,4.22012199476275E-15,,,,,,,,,,,,,,,,,,,,,,,,,,,,,,,,,,,,,,,,,,,,,,,,,,,,,,,,,,,,,,,,,,,,,,,,,,,,,,,
62580,125.14301549694,,,1.3851396363997E-16,,,,,,,,,,,,,,,,,,,,,,,,,,,,,,,,,,,,,,,,,,,,,,,,,,,,,,,,,,,,,,,,,,,,,,,,,,,,,,,,,,,,,,,,,,,,,
62583,125.148933356032,,,,,,,,,,,,,,,,,,,,,,,1.4955644304326E-16,,,,,,,,,,,,,,,,,,,,,,,,,,,,,,,,,,,,,,,,,,,,,,,,,,,,,,,,,,,,,,,,,,,,,,,,,
62638,125.258988895161,3.17330019678312E-16,,,,,,,,,,,,,,,,,,,,,,,,,,,,,,,,,,,,,,,,,,,,,,,,,,,,,,,,,,,,,,,,,,,,,,,,,,,,,,,,,,,,,,,,,,,,,,,
62787,125.556976780403,6.88424641004767E-16,,5.15490464043084E-16,-2.52750159862066E-14,,,,,,,,,,,,,,,,,1.39150959598067E-16,,1.6355775272963E-16,,,,,,,,,,,,,,,,,,,,,,,,,,,,,,,,,,,,,,,,,,,,,,,,,,,,,,,,,,,,,,,,,,,,,,,,,
62852,125.687014373955,,,,,,,,,,,,,,,,,,1.88514076959179E-16,,,,,,,,,,,,,,,,,,,,,,,,,,,,,,,,,,,,,,,,,,,,,,,,,,,,,,,,,,,,,,,,,,,,,,,,,,,,,,
62968,125.918868157182,,,,,,,,,,,,,,,,,,,,,,,,,,,,,,,,,,,,,,,,,,,,,,,,,,,,,,,,,,,,,,,,,,,,,,,,,,,,,,,,4.0519026383399E-17,,,,,,,,,,,,,,,,
63119,126.220891877258,,,1.77271179574868E-16,,,,,,,,,,,,,,,,,,1.40549508808484E-16,,,,,,,,,,,,,,,,,,,,,,,,,,,,,,,,,,,,,,,,,,,,,,,,,,,,,,,,,,,,,,,,,,,,,,,,,,,
63433,126.848796780207,,,,,,,,,,,,,,6.93761691316656E-16,,,,,,,,,,,,,,,,,,,,,,,,,,,,,,,,,,,,,,,,,,,,,,,,,,,,,,,,,,,,,,,,,,,,,,,,,,,,,,,,,,
63715,127.412761071666,,,1.44828932948021E-16,,,,,,,,,,,,,,,,,,,,,2.03543098971289E-16,,,,,,,,,,,,,,,,,,,,,,,,,,,,,,,,,,,,,,,,,,,,,,,,,,,,,,,,,,,,,,,,,,,,,,,,
63789,127.560765148887,,,3.8285560023264E-15,,,,,,,,,,,,,,,,,,,,,,,,,,,,,,,,,,,,,,,,,,,,,,,,,,,,,,,,,,,,,,,,,,,,,,,,,,,,,,,,,,,,,,,,,,,,,
64020,128.022668344318,,,,,,,,,,,,,,,,,,1.74351360687326E-16,,,,,,,,,,,,,,,,,,,,,,,,,,,,,,,,,,,,,,,,,,,,,,,,,,,,,,,,,,,,,,,,,,,,,,,,,,,,,,
64506,128.994767793364,,,1.24456238645547E-16,,,,,,,,,,,,,,,,,,1.84142909769021E-16,,1.45374732750994E-16,,,,,,,,,,,,,,,,,,,,,,,,,,,,,,,,,,,,,,,,,,,,,,,,,,,,,,,,,,,,,,,,,,,,,,,,,
64966,129.91446581615,,,,,,,,,,,,,,,,,,1.87783129404815E-16,,,,,,,,,,,,,,,,,,,,,,,,,,,,,,,,,,,,,,,,,,,,,,,,,,,,,,,,,,,,,,,,,,,,,,,,,,,,,,
65233,130.448460225971,3.53563233221335E-16,,,,,,,,,,,,,,,,,,,,,,,,,,,,,,,,,,,,,,,,,,,,,,,,,,,,,,,,,,,,,,,,,,,,,,,,,,,,,,,,,,,,,,,,,,,,,,,
65285,130.552477159496,,,,,,,,,,,,,,,,,,,,,1.90397027276645E-16,,2.24951020700821E-16,,,,,,,,,,,,,,,,,,,,,,,,,,,,,,,,,,,,,,,,,,,,,,,,,,,,,,,,,,,,,,,,,,,,,,,,,
65304,130.590472630862,,,,,,,,,,,,,,,,,,,,,,,1.55673635650528E-16,,,,,,,,,,,,,,,,,,,,,,,,,,,,,,,,,,,,,,,,,,,,,,,,,,,,,,,,,,,,,,,,,,,,,,,,,
65422,130.826424542177,,,,,,,,,,,,,,,,,,,,,1.09731658873756E-16,,,,,,,,,,,,,,,,,,,,,,,,,,,,,,,,,,,,,,,,,,,,,,,,,,,,,,,,,,,,,,,,,,,,,,,,,2.95090375507369E-17,,
65589,131.160393181363,,,1.67102464750026E-16,,,,,,,,,,,,,,,,,,,,,,,,,,,,,,,,,,,,,,,,,,,,,,,,,,,,,,,,,,,,,,,,,,,,,,,,,,,,,,,,,,,,,,,,,,,,,
65780,131.542387785744,,,,,,,,,,,,1.19510444179509E-16,,,,,,,,,,,,,,,,,,,,,,,,,,,,,,,,,,,,,,,,,,,,,,,,,,,,,,,,,,,,,,,,,,,,,,,,,,,,,,,,,,,,
66047,132.076265715713,,,,,,,,,,,,,,,,,,,,,,,1.57921866954872E-16,,,,,,,,,,,,,,,,,,,,,,,,,,,,,,,,,,,,,,,,,,,,,,,,,,,,,,,,,,,,,,,,,,,,,,,,,
66148,132.278293830451,,,6.40072843114907E-16,,,,,,,,,,,,,,,,,,,,,,,,,,,,,,,,,,,,,,,,,,,,,,,,,,,,,,,,3.09029611015358E-17,,,,,,,,,,,,,,,,,,,,,,,,,,,,,,,,,,,,,
66281,132.544354716559,,,1.48607045496897E-16,,,,,,,,,,,,,,,,,,1.78537987320718E-16,,2.17586845130877E-16,,,,,,,,,,,,,,,,,,,,,,,,,,,,,,,,,,,,,,,,,,,,,,,,,,,,,,,,,,,,,,,,,,,,,,,,,
66290,132.562292613599,,,2.24293307519793E-16,,,,,,,,,,,,,,,,,,,,,,,,,,,,,,,,,,,,,,,,,,,,,,,,,,,,,,,,1.40157317496769E-17,,,,,,,,,,,,,,,,,,,,,,,,,,,,,,,,,,,,,
66408,132.798222764942,,,1.26497474324572E-16,,,,,,,,,,,,,,,,,,1.07853590235099E-16,,,,,,,,,,,,,,,,,,,,,,,,,,,,,,,,,,,,,,,,,,,,,,,,,,,,,,,,,,,,,,,,,,,,,,,,,,,
66460,132.90223713847,,,,,,,,,,,,1.42336381565789E-16,,,,,,,,,,,,,,,,,,,,,,,,,,,,,,,,,,,,,,,,,,,,,,,,,,,,,,,,,,,,,,,,,,,,,,,,,,,,,,,,,,,,
66723,133.428154758629,,,,,,,,,,,,,,,,,,,,,1.26130964092578E-16,,1.40971651285074E-16,,,,,,,,,,,,,,,,,,,,,,,,,,,,,,,,,,,,,,,,,,,,,,,,,,,,,,,,,,,,,,,,,,,,,,,,,
66903,133.788081337923,,,,,,,,,,,,,,,,,,2.04244404353338E-16,,,,,,,,,,,,,,,,,,,,,,,,,,,,,,,,,,,,,,,,,,,,,,,,,,,,,,,,,,,,,,,,,,,,,,,,,,,,,,
67029,134.040199628544,,,,,,,,,,,,,,,,,3.92684900893742E-15,,,,,,,,,,,,,,,,,,,,,,,,,,,,,,,,,,,,,,,,,,,,,,,,,,,,,,,,,,,,,,,,,,,,,,,,,,,,,,,
67086,134.154064869464,3.36682926420015E-16,,,,,,,,,,,,,,,,,,,,,,,,,,,,,,,,,,,,,,,,,,,,,,,,,,,,,,,,,,,,,,,,,,,,,,,,,,,,,,,,,,,,,,,,,,,,,,,
67124,134.230042585546,,,,,,,,,,,,,,,,,,,,,,,,,,,,,,,1.58965004588821E-15,,,,,,,,,,,,,,,,,,,,,,,,,,,,,,,,,,,,,,,,,,,,,,,,,,,,,,,,,,,,,,,,,
67140,134.262026331273,,,,,,,,,,,,,,,,,,,,,,,,,,,,,,,,,,2.91893064007511E-17,,,,,,,,,,,,,,,,,,,,,,,,,,,,,,,,,,,,,,,,,,,,,,,,,,,,,,,,,,,,,,
67322,134.626007092044,,,,,,9.19950296241587E-17,,,,,,,,,,,,,,,,,,,,,,,,,,,,,,,,,,,,,,,,,,,,,,,,,,,,,,,,,,,,,,,,,,,,,,,,,,,,,,,,,,,,,,,,,,
67680,135.341988682254,3.25080982347464E-16,,,,,,,,,,,,,,,,,,,,,,,,,,,,,,,,,,,,,,,,,,,,,,,,,,,,,,,,,,,,,,,,,,,,,,,,,,,,,,,,,,,,,,,,,,,,,,,
67903,135.787891044833,,,,,,,,,,,,,,,,,,,,,,1.20563591902871E-16,,,,,,,,,,,,,,,,,,,,,,,,,,,,,,,,,,,,,,,,,,,,,,,,,,,,,,,,,,,,,,,,,,,,,,,,,,
68143,136.267871657124,,,,,,,,,,,,,,,,,4.33048696371557E-15,,,,,,,,,,,,,,,,,,,,,,,,,,,,,,,,,,,,,,,,,,,,,,,,,,,,,,,,,,,,,,,,,,,,,,,,,,,,,,,
68344,136.669790716001,,,,,,,,,,,,1.32176516394685E-16,,,,,,,,,,,,,,,,,,,,,,,,,,,,,,,,,,,,,,,,,,,,,,,,,,,,,,,,,,,,,,,,,,,,,,,,,,,,,,,,,,,,
68421,136.823814198851,,,6.41908701454161E-16,,,,,,,,,,,,,,,,,,,,,,,,,,,,,,,,,,,,,,,,,,,,,,,,,,,,,,,,,,,,,,,,,,,,,,,,,,,,,,,,,,,,,,,,,,,,,
68577,137.135818066153,,,,,,,,,8.71575816609398E-17,,,,,,,,,,,,,,,,,,,,,,,,,,,,,,,,,,,,,,,,,,,,,,,,,,,,,,,,,,,,,,,,,,,,,,,,,,,,,,,,,,,,,,,
68655,137.291779466522,,,,,,,,,,,,,,7.68768729404785E-16,,,,,,,,,,,,,,,,,,,,,,,,,,,,,,,,,,,,,,,,,,,,,,,,,,,,,,,,,,,,,,,,,,,,,,,,,,,,,,,,,,
68859,137.699743530995,,,,,,,,,,,,,,8.61294110797408E-16,,,,,,,,,,,,,,,,,,,,,,,,,,,,,,,,,,,,,,,,,,,,,,,,,,,,,,,,,,,,,,,,,,,,,,,,,,,,,,,,,,
69084,138.149617301823,,,1.57313884258576E-16,,,,,,,,,,,,,,,,,,,,,,,,,,,,,,,,,,,,,,,,,,,,,,,,,,,,,,,,,,,,,,,,,,,,,,,,,,,,,,,,,,,,,,,,,,,,,
69412,138.805570808869,,,,-1.81589700048044E-14,,,,,,,,,,,,,,,,,,,,,,,,,,,,,,,,,,,,,,,,,,,,,,,,,,,,,,,,,,,,,,,,,,,,,,,,,,,,,,,,,,,,,,,,,,,,
69491,138.963572099961,,,,,,,,,,,,,,,,,,,,,,,,,,,,,,,,,,,,,,,,,,,,,,,,,,,,,,1.4301364150002E-16,,,,,,,,,,,,,,,,,,,,,,,,,,,,,,,,,,,,,,,,,,
69868,139.717530388228,,,,,-4.90631819951934E-15,,,,,,,,,,,,,,,,,,,,,,,,,,,,,,,,,,,,,,,,,,,,,,,,,,,,,,,,,,,,,,,,,,,,,,,,,,,,,,,,,,,,,,,,,,,
70907,141.795316741995,,,,,,,,,,,,1.44290576482247E-16,,,,,4.38600608682197E-15,,,,,,,,,,,,,,,,,,,,,,,,,,,,,,,,,,,,,,,,,,,,,,,,,,,,,,,,,,,,,,,,,,,,,,,,,,,,,,,
71025,142.031257133324,,,,,,,,,,,,,,,,,,,,,,,1.74230327105285E-16,,,,,,,,,,,,,,,,,,,,,,,,,,,,,,,,,,,,,,,,,,,,,,,,,,,,,,,,,,,,,,,,,,,,,,,,,
71128,142.237243429662,,,,,,,,,2.18464665814355E-16,,,,,,,,,,,,,,,,,,,,,,,,,,,,,,,,,,,,,,,,,,,,,,,,,,,,,,,,,,,,,,,,,,,,,,,,,,,,,,,,,,,,,,,
71136,142.253245115846,,,,,,,,,,,,,,,,,,,,,,,,,,,,,,,,,,,,,,,,,,,,,,,,,,,,,,,,,,,,,,,,,,,,,,,,,,,,,,,,3.04997462090974E-17,,,,,,,,,,,,,,,,
71319,142.619226087391,,,2.33626585167572E-16,,,,,,,,,,,,,,,,,,,,,,,,,,,,,,,,,,,,,,,,,,,,,,,,,,,,,,,,,,,,,,,,,,,,,,,,,,,,,,,,,,,,,,,,,,,,,
71332,142.645213894126,,,,,,,,,,,,,,8.79228400646085E-16,,,,,,,,,,,,,,,,,,,,,,,,,,,,,,,,,,,,,,,,,,,,,,,,,,,,,,,,,,,,,,,,,,,,,,,,,,,,,,,,,,
71659,143.299994496007,,,,,,,,,,,,,,,,,,,,,,,,,,,,,,,,,,2.76316213649485E-17,,,,,,,,,,,,,,,,,,,,,,,,,,,,,,,,,,,,,,,,,,,,,,,,,,,,,,,,,,,,,,
71848,143.677138759929,3.10500070453673E-16,,,,,,,,,,,,,,,,,,,,,,,,,,,,,,,,,,,,,,,,,,,,,,,,,,,,,,,,,,,,,,,,,,,,,,,,,,,,,,,,,,,,,,,,,,,,,,,
72805,145.591030710147,3.68746134156439E-16,,6.13350108180311E-16,,,,,,,,,,,1.69385545721454E-15,4.82058629239773E-17,,4.5354526386774E-15,,,,,,,,,,,,,,,,,,,,,,,,,,,,,,,,,,,,,,,,,,,,,,,,,,,,,,,,,,,,,,,,,,,,,,,,,,,,,,,
72817,145.614957292855,,,5.48632856099163E-16,,,,,,,,,,,,,,,,,,,,,,,,,,,,,,,,,,,,,,,,,,,,,,,,,,,,,,,,,,,,,,,,,,,,,,,,,,,,,,,,,,,,,,,,,,,,,
72932,145.844923931831,,,,,,,,,,,,,,1.03641536394552E-15,,,,,,,,,,,,,,,,,,,,,,,,,,,,,,,,,,,,,,,,,,,,,,,,,,,,,,,,,,,,,,,,,,,,,,,,,,,,,,,,,,
73409,146.79880473753,,,,,,,,,,,,1.3505766035956E-16,,,,,,,,,,,,,,,,,,,,,,,,,,,,,,,,,,,,,,,,,,,,,,,,,,,,,,,,,,,,,,,,,,,,,,,,,,,,,,,,,,,,
73414,146.808765258114,,,,,,,,,,,,,,,,,,,,,9.28891211977215E-16,3.15435636044698E-16,1.16874625591326E-15,2.28227017827345E-16,,6.73988209928744E-16,,,,,,,,,,,,,,,,,,,,,,,,,,,,,,,,,,,,,,,,,,,,,,,,,,,,,,,,,,,,,,,,,,,,,,
73593,147.166702293288,,,,,,,,,,,,,,,,,,,,,1.03933655912441E-16,,,,,,,,,,,,,,,,,,,,,,,,,,,,,,,,,,,,,,,,,,,,,,,,,,,,,,,,,,,,,,,,,,,,,,,,,,,
74122,148.224641845792,,,,,,,,,,,,,,,,,,,,,1.13104601009651E-16,,,,,,,,,,,,,,,,,,,,,,,,,,,,,,,,,,,,,,,,,,,,,,,,,,,,,,,,,,,,,,,,,,,,,,,,,,,
74262,148.504608207435,1.14707045125223E-15,,8.98887325490696E-16,,,,,,9.52088972084457E-17,,,,,2.11060886279783E-15,,,3.72965224562035E-15,,,,,,,,,,,,,,,,,,,,,,,,,,,,,,,,,,,,,,,,,,,,,,,,,,,,,,,,,,,,,,,,,,,,,,,,,,,,,,,
74364,148.708555893048,,,,,,,,,,,,,,2.38729400462459E-15,4.40039858820225E-17,,5.24987547702377E-15,,,,,,,,,,,,,,,,,,,,,,,,,,,,,,,,,,,,,,,,,,,,,,,,,,,,,,,,,,,,,,,,,,,,,,,,,,,,,,,
74402,148.784558355765,,,,,,,,,,,,,,,,,,2.20772731214497E-16,,,,,,,,,,,,,,,,,,,,,,,,,,,,,,,,,,,,,,,,,,,,,,,,,,,,,,,,,,,,,,,,,,,,,,,,,,,,,,
74516,149.012537583952,,,,,,,,,,,,,,,,,,,,,,,,,,,,,,,,,,,,,,,,,,,,,,,,,,,,,,1.34474680235072E-16,,,,,,,,,,,,,,,,,,,,,,,,,,,,,,,,,,,,,,,,,,
75280,150.540367521663,,,1.89458988799179E-16,,,,,,,,,,,9.09317043864958E-16,,,,,,,,,,,,,,,,,,,,,,,,,,,,,,,,,,,,,,,,,,,,,,,,,,,,,,,,,,,,,,,,,,,,,,,,,,,,,,,,,,
75680,151.340304631077,,,1.36993990807704E-16,,,,,,,,,,,,,,,,,,2.1518316170302E-16,,2.64684361016509E-16,,,,,,,,,,,,,,,,,,,,,,,,,,,,,,,,,,,,,,,,,,,,,,,,,,,,,,,,,,,,,,,,,,,,,,,,,
75693,151.366360704392,2.94876770876332E-16,,2.10148916643167E-16,,,,,,,,,,,2.24789136885265E-15,3.54906768170148E-17,,5.28665639635156E-15,,,,,1.15022912262602E-16,,,,,,,,,,,,,,,,,,,,,,,,,,,,,,,,,,,,,,,,,,,,,,,,,,,,,,,,,,,,,,,,,,,,,,,,,,
75899,151.778311537095,,,,,,,,,,,,,,9.61401355899848E-16,,,,,,,,,,,,,,,,,,,,,,,,,,,,,,,,,,,,,,,,,,,,,,,,,,,,,,,,,,,,,,,,,,,,,,,,,,,,,,,,,,
76584,153.148112450416,,,2.43192733489333E-16,,,,,,,,,,,,,,,,,,,,,,,,,,,,,,,,,,,,,,,,,,,,,,,,,,,,,,,,,,,,,,,,,,,,,,,,,,,,,,,,,,,,,,,,,,,,,
76832,153.644090055565,,,,,,,,,,,,,,,,,4.02463895096221E-15,,,,,,,,,,,,,,,,,,,,,,,,,,,,,,,,,,,,,,,,,,,,,,,,,,,,,,,,,,,,,,,,,,,,,,,,,,,,,,,
76933,153.84611177031,,,,,,9.81016751701642E-17,,,,,,,,,,,,,,,,,,,,,,,,,,,,,,,,,,,,,,,,,,,,,,,,,,,,,,,,,,,,,,,,,,,,,,,,,,,,,,,,,,,,,,,,,,
77110,154.200004010662,,,,,,,,,6.87258930408784E-17,,,,,,,,,,,,,,,,,,,,,,,,,,,,,,,,,,,,,,,,,,,,,,,,,,,,,,,,,,,,,,,,,,,,,,,,,,,,,,,,,,,,,,,
78237,156.453822139108,,,,,,,,,,,,,,,,,,,,,1.77251855898779E-16,,,,,,,,,,,,,,,,,,,,,,,,,,,,,,,,,,,,,,,,,,,,,,,,,,,,,,,,,,,,,,,,,,,,,,,,,,,
78399,156.777772231118,,,1.34480058459387E-16,,,,,,,,,,,,,,,,,,,,,,,,,,,,,,,,,,,,,,,,,,,,,,,,,,,,,,,,,,,,,,,,,,,,,,,,,,,,,,,,,,,,,,,,,,,,,
78630,157.239713399834,,,,,,,,,,,,,,,3.35395912500923E-17,,,,,,,,,,,,,,,,,,,,,,,,,,,,,,,,,,,,,,,,,,,,,,,,,,,,,,,,,,,,,,,,,,,,,,,,,,,,,,,,,
78683,157.345670384209,,,1.23187157030839E-16,,,,,,,,,,,,,,,,,,,,,,,,,,,,,,,,,,,,,,,,,,,,,,,,,,,,,,,,,,,,,,,,,,,,,,,,,,,,,,,,,,,,,,,,,,,,,
78727,157.43365363159,,,,,,,,,,,,,,,3.32022418279244E-17,,,,,,,,,,,,,,,,,,,,,,,,,,,,,,,,,,,,,,,,,,,,,,,,,,,,,,,,,,,,,,,,,,,,,,,,,,,,,,,,,
79013,158.005707086028,,,,,,,,,,,,,,,,,,,,,9.26299484002135E-17,,,,,,,,,,,,,,,,,,,,,,,,,,,,,,,,,,,,,,,,,,,,,,,,,,,,,,,,,,,,,,,,,,,,,,,,,,,
79613,159.205513976942,,,,-1.04085671446842E-14,,,,,,,,,,,,,,,,,,,,,,,,,,,,,,,,,,,,,,,,,,,,,,,,,,,,,,,,,,,,,,,,,,,,,,,,,,,,,,,,,,,,,,,,,,,,
79774,159.527465138178,,,,,,,,,,,,,,,,,3.96866465131119E-15,,,,,,,,,,,,,,,,,,,,,,,,,,,,,,,,,,,,,,,,,,,,,,,,,,,,,,,,,,,,,,,,,,,,,,,,,,,,,,,
79783,159.545451248489,,,,,,,,,,,,1.19176885336426E-16,,,,,,,,,,,,,,,,,,,,,,,,,,,,,,,,,,,,,,,,,,,,,,,,,,,,,,,,,,,,,,,,,,,,,,,,,,,,,,,,,,,,
79786,159.551478334108,,,,,,,,,,,,,,,,,,,,,,,,,,,,,,,,,,,,,,,,,,,,,,,,,,,,,,,,,,,,,,,,,,,,,,,,,,,,,,,,,,,,,,,5.0744740629145E-17,,,,,,,,,
80521,161.021335012691,,,,,,,,,,,,,,,,,,1.85984444707262E-16,,,,,,,,,,,,,,,,,,,,,,,,,,,,,,,,,,,,,,,,,,,,,,,,,,,,,,,,,,,,,,,,,,,,,,,,,,,,,,
81120,162.219197159428,,,1.19173371445705E-15,,,,,,2.02017344360634E-16,,,,,,,,,,,,,,,,,,,,,,,,,,,,,,,,,,,,,,,,,,,,,,,,,,,,,,,,,,,,,,,,,,,,,,,,,,,,,,,,,,,,,,,
81179,162.337222395022,3.35263222663314E-16,,,,,,,,,,,,,,,,,,,,,,,,,,,,,,,,,,,,,,,,,,,,,,,,,,,,,,,,,,,,,,,,,,,,,,,,,,,,,,,,,,,,,,,,,,,,,,,
81299,162.57724982112,,,,-1.13410229012219E-14,,,,,,,,,,,,,,,,,,,,,,,,,,,,,,,,,,,,,,,,,,,,,,,,,,,,,,,,,,,,,,,,,,,,,,,,,,,,,,,,,,,,,,,,,,,,
81499,162.977133255936,3.28598677046175E-16,,,,,,,,,,,,,,,,,,,,,,,,,,,,,,,,,,,,,,,,,,,,,,,,,,,,,,,,,,,,,,,,,,,,,,,,,,,,,,,,,,,,,,,,,,,,,,,
81610,163.199167318399,,,,-1.11381656846287E-14,,,,,,,,,,,,,,,,,,,,,,,,,,,,,,,,,,,,,,,,,,,,,,,,,,,,,,,,,,,,,,,,,,,,,,,,,,,,,,,,,,,,,,,,,,,,
81905,163.789003363409,,,1.32523723182914E-16,-1.90485729872198E-14,,,,,,,,,,,,,,,,,,,,,,,,,,,,,,,,,,,,,,,,,,,,,,,,,,,,,,,,,,,,,,,,,,,,,,,,,,,,,,,,,,,,,,,,,,,,
81965,163.909054409744,,,3.7029840601129E-16,,,,,,7.23540615044514E-17,,,,,,,,,,,,2.72709678213798E-16,,2.95096692059278E-16,,,,,,,,,,,,,,,,,,,,,,,,,,,,,,,,,,,,,,,,,,,,,,,,,,,,,,,,,,,,,,,,,,,,,,,,,
81986,163.951054142651,,,,,,,,,3.82498381578278E-16,,,,,,,,,,,,,,,,,,,,,,,,,,,,,,,,,,,,,,,,,,,,,,,,,,,,,,,,,,,,,,,,,,,,,,,,,,,,,,,,,,,,,,,
82050,164.07900235221,,,,,,,,,,,,,,,,,,,,,1.53178939002302E-16,,1.89222736589811E-16,,,,,,,,,,,,,,,,,,,,,,,,,,,,,,,,,,,,,,,,,,,,,,,,,,,,,,,,,,,,,,,,,,,,,,,,,
82276,164.530939480397,,,,,,,,,,,,,,,,,,,,,9.78110636749604E-17,,,,,,,,,,,,,,,,,,,,,,,,,,,,,,,,,,,,,,,,,,,,,,,,,,,,,,,,,,,,,,,,,,,,,,,,,,,
82430,164.838941219489,,,,,,8.37890063926035E-17,,,,,,,,,,,,,,,,,,,,,,,,,,,,,,,,,,,,,,,,,,,,,,,,,,,,,,,,,,,,,,,,,,,,,,,,,,,,,,,,,,,,,,,,,,
82450,164.87888826169,,,1.16724737809831E-15,,,,,,,,,,,,,,,,,,,,,,,,,,,,,,,,,,,,,,,,,,,,,,,,,,,,,,,,,,,,,,,,,,,,,,,,,,,,,,,,,,,,,,,,,,,,,
82545,165.068927911772,,,2.51889557772108E-16,,,,,,,,,,,,,,,,,,4.59445380487173E-16,,2.0988350247244E-16,,,,,,,,,,,,,,,,,,,,,,,,,,,,,,,,,,,,,,,,,,,,,,,,,,,,,,,,,,,,,,,,,,,,,,,4.07002362512147E-17,,
82825,165.628826928435,,,4.93381862151473E-16,,,,,,,,,,,,,,,,,,,,,,,,,,,,,,,,,,,,,,,,,,,,,,,,,,,,,,,,,,,,,,,,,,,,,,,,,,,,,,,,,,,,,,,,,,,,,
82974,165.926825053664,,,,,,,,,,,,,,,,,,1.78875484414086E-16,,,,,,,,,,,,,,,,,,,,,,,,,,,,,,,,,,,,,,,,,,,,,,,,,,,,,,,,,,,,,,,,,,,,,,,,,,,,,,
83084,166.146936985254,,,,-2.670158081721E-14,,,,,,,,,,,,,,,,,,,,,,,,,,,,,,,,,,,,,,,,,,,,,,,,,,,,,,,,,,,,,,,,,,,,,,,,,,,,,,,,,,,,,,,,,,,,
83319,166.616742890569,,,,,,,,,,,,,,,,,,,,,,,,,,,,,,,,,,,,,,,,,,,,,,,,,,,,,,,,,,,,,,,,,,,,,,,,,,,,,,,,3.1133356998199E-17,,,,,,,,,,,,,,,,
83441,166.860720391611,,,1.60388097833795E-16,,,,,,,,,,,,,,,,,,,,,,,,,,1.78421921872161E-16,,,,,,,,,,,,,,,,,,,,,,,,,,,,,,,,,,,,,,,,,,,,,,,,,,,,,,,,,,,,,,,,,,,
83840,167.658656863586,,,,,,,,,,,,,,,,,,2.42330535955692E-16,,,,,,,,,,,,,,,,,,,,,,,,,,,,,,,,,,,,,,,,,,,,,,,,,,,,,,,,,,,,,,,,,,,,,,,,,,,,,,
84032,168.042605598798,,,,,,,,,,,,,,7.77097529619879E-16,,,,,,,,,,,,,,,,,,,,,,,,,,,,,,,,,,,,,,,,,,,,,,,,,,,,,,,,,,,,,,,,,,,,,,,,,,,,,,,,,,
84277,168.532574891637,,,,,,,,,,,,,,,,,,,4.42316600414997E-17,,,,,,,,,,,,,,,,,,,,,,,,,,,,,,,,,,,,,,,,,,,,,,,,,,,,,,,,,,,,,,,,,,,,,,,,,,,,,
84410,168.798498391255,,,,,,,,,,,,1.32024752668435E-16,,,,,,,,,,,,,,,,,,,,,,,,,,,,,,,,,,,,,,,,,,,,,,,,,,,,,,,,,,,,,,,,,,,,,,,,,,,,,,,,,,,,
84606,169.190485942845,,,,,,,,,,,,,,,,,4.18260308599133E-15,,,,,,,,,,,,,,,,,,,,,,,,,,,,,,,,,,,,,,,,,,,,,,,,,,,,,,,,,,,,,,,,,,,,,,,,,,,,,,,
84755,169.488500708052,,,1.43534837130188E-16,,,,,,,,,,,,,,,,,,8.79396099693146E-17,,,,,,,,,,,,,,,,,,,,,,,,,,,,,,,,,,,,,,,,,,,,,,,,,,,,,,,,,,,,,,,,,,,,,,,,,,,
84849,169.676432200833,,,,,,,,,,,,1.25179083265784E-16,,,,,,,,,,,,,,,,,,,,,,,,,,,,,,,,,,,,,,,,,,,,,,,,,,,,,,,,,,,,,,,,,,,,,,,,,,,,,,,,,,,,
85146,170.270374053921,,,,,,,,,,,,,,,,,,,,,,,,,,3.43839450122722E-16,,,,,,,,,,,,,,,,,,,,,,,,,,,,,,,,,,,,,,,,,,,,,,,,,,,,,,,,,,,,,,,,,,,,,,
85170,170.318370152486,,,,,,,,,,,,,,,,,4.21348186849281E-15,,,,,,,,,,,,,,,,,,,,,,,,,,,,,,,,,,,,,,,,,,,,,,,,,,,,,,,,,,,,,,,,,,,,,,,,,,,,,,,
85449,170.876293278345,,,3.1066628390652E-16,-1.43215439459429E-14,,,,,,,,,,,,,,,,,,,,,,,,,,,,,,,,,,,,,,,,,,,,,,,,,,,,,,,,,,,,,,,,,,,,,,,,,,,,,,,,,,,,,,,,,,,,
85505,170.988336654929,,,,,,,,,,,,,,,,,,,,,,,,,,,,,,,,,,,,,,,,,,,,,,,,,,,,,,,,,,,,,,,,,,,,,,,,,,,,,,,,2.51809063114677E-17,,,,,,,,,,,,,,,,
85534,171.046317167381,,,,,,,,,,,,,,1.36950995949204E-15,,,,,,,,,,,,,,,,,,,,,,,,,,,,,,,,,,,,,,,,,,,,,,,,,,,,,,,,,,,,,,,,,,,,,,,,,,,,,,,,,,
85789,171.556244194674,,,,,,,4.43266606325786E-15,4.3463601706527E-15,4.75786065315873E-15,4.89346206355521E-15,,,,,,,,,,,,,,,,,,,,,,,,,,,,,,,,,,,,,,,,,,,,,,,,,,,,,,,,,,,,,,,,,,,,,,,,,,,,,,,,,,,,,,
85853,171.684203497553,,,,,,,,,,,,,,8.85412987763007E-16,,,,,,,,,,,,,,,,,,,,,,,,,,,,,,,,,,,,,,,,,,,,,,,,,,,,,,,,,,,,,,,,,,,,,,,,,,,,,,,,,,
85910,171.798168151678,,,,,,,,,,,,,,1.0728937646726E-15,,,,,,,,,,,,,,,,,,,,,,,,,,,,,,,,,,,,,,,,,,,,,,,,,,,,,,,,,,,,,,,,,,,,,,,,,,,,,,,,,,
86135,172.248214295619,1.91124420934662E-15,1.57826256935419E-15,2.96077697174457E-15,,,,,,,,,,,3.23809155114206E-15,5.46249989991831E-17,,4.66382663179322E-15,,,,,,,,,,,,,,,,,,,,,,,,,,,,,,,,,,,,,,,,,,,,,,,,,,,,,,,,,,,,,,,,,,,,,,,,,,,,,,,
86140,172.258150496234,,,1.26380573376762E-16,,,,,,,,,,,,,,,,,,,,,,,,,,,,,,,,,,,,,,,,,,,,,,,,,,,,,,,,,,,,,,,,,,,,,,,,,,,,,,,,,,,,,,,,,,,,,
86150,172.278191003916,,,,,,,,,,,,,,1.4428063133555E-15,3.5996748068261E-17,,6.05054239245058E-15,,,,,,,,,,,,,,,,,,,,,,,,,,,,,,,,,,,,,,,,,,,,,,,,,,,,,,,,,,,,,,,,,,,,,,,,,,,,,,,
86314,172.606140237474,,,,,,1.12985323769958E-16,,,,,,,,,,,,,,,,,,,,,,,,,,,,,,,,,,,,,,,,,,,,,,,,,,,,,,,,,,,,,,,,,,,,,,,,,,,,,,,,,,,,,,,,,,
86440,172.858133514922,,,1.30508394279348E-16,,,,,,,,,,,,,,,,,,,,,,,,,,,,,,,,,,,,,,,,,,,,,,,,,,,,,,,,,,,,,,,,,,,,,,,,,,,,,,,,,,,,,,,,,,,,,
86586,173.150046954607,,,,-2.307593045089E-14,,,,,,,,,,,,,,,,,,,,,,,,,,,,,,,,,,,,,,,,,,,,,,,,,,,,,,,,,,,,,,,,,,,,,,,,,,,,,,,,,,,,,,,,,,,,
86739,173.456057016247,,,,,,,,,,,,,,,,,,,,,1.47508995821518E-16,,,,,,,,,,,,,,,,,,,,,,,,,,,,,,,,,,,,,,,,,,,,,,,,,,,,,,,,,,,,,,,,,,,,,,,,,,,
86911,173.800029695962,,,9.2354159001108E-16,,,,,,,,,,,,,,,,,,2.2792157730461E-16,,2.33886172226022E-16,,,,,,,,,,,,,,,,,,,,,,,,,,,,,,,,,,,,2.21620533751329E-17,,,,,,,,,,,,,,,,,,,,,,,,,,,,,,,,,,,3.08472469281367E-17,,
86978,173.93396872452,,,,,,,,,,,,,,,,,,,,,,,,,,,,,,,,,,,,,,,,,,,,,,,,,,,,,,,,,,,,,,,,,,,,,,,,,,,,,,,,2.30303217665883E-17,,,,,,,,,,,,,,,,
87300,174.577914566936,4.00242178552226E-16,,,,,,,,,,,,,,,,,,,,,,,,,,,,,,,,,,,,,,,,,,,,,,,,,,,,,,,,,,,,,,,,,,,,,,,,,,,,,,,,,,,,,,,,,,,,,,,
87541,175.060075016437,,,,,,8.82522153350461E-17,,,,,,,,,,,,,,,,,,,,,,,,,,,,,,,,,,,,,,,,,,,,,,,,,,,,,,,,,,,,,,,,,,,,,,,,,,,,,,,,,,,,,,,,,,
88602,177.18193214046,,,,,,,,,,,,1.29235303270371E-16,,,,,,,,,,,,,,,,,,,,,,,,,,,,,,,,,,,,,,,,,,,,,,,,,,,,,,,,,,,,,,,,,,,,,,,,,,,,,,,,,,,,
88623,177.223797900205,,,7.40817360992002E-16,-4.15707828014691E-14,,,,,,,,,,,,,4.24239636937554E-15,,,,1.59729263607029E-16,,2.99554591361978E-16,,,,,,,,,,,,,,,,,,,,,,,,,,,,,,,,,,,,,,,,,,,,,,,,,,,,,,,,,,,,,,,,,,,,,,,,,
89073,178.123594935132,,,,,,,,,,,,,,,,,,,,,,,,,,4.35900227221887E-16,,,,,,,,,,,,,,,,,,,,,,,,,,,,,,,,,,,,,,,,,,,,,,,,,,,,,,,,,,,,,,,,,,,,,,
89537,179.051492627423,,,,,,,,,,,,1.30842673944156E-16,,,,,,,,,,,,,,,,,,,,,,,,,,,,,,,,,,,,,,,,,,,,,,,,,,,,,,,,,,,,,,,,,,,,,,,,,,,,,,,,,,,,
89550,179.077472327502,,,1.93937809036367E-16,,,,,,,,,,,,,,,,,,,,,,,,,,,,,,,,,,,,,,,,,,,,,,,,,,,,,,,,,,,,,,,,,,,,,,,,,,,,,,,,,,,,,,,,,,,,,
89609,179.195449349825,,,1.3047770039335E-16,,,,,,,,,,,,,,,,,,,,,,,,,,,,,,,,,,,,,,,,,,,,,,,,,,,,,,,,,,,,,,,,,,,,,,,,,,,,,,,,,,,,,,,,,,,,,
89666,179.309442163914,3.70372506381439E-16,,,,,,,,,,,,,,,,,,,,,,,,,,,,,,,,,,,,,,,,,,,,,,,,,,,,,,,,,,,,,,,,,,,,,,,,,,,,,,,,,,,,,,,,,,,,,,,
89989,179.955384803774,,,2.74580143519717E-16,,,,,,,,,,,,,,,,,,,,,,,,,,,,,,,,,,,,,,,,,,,,,,,,,,,,,,,,,,,,,,,,,,,,,,,,,,,,,7.36294522440679E-17,,,,,,,,,,,,,,,,
90124,180.225508831349,1.54762571713453E-15,,1.10049806442531E-15,,,,,,,,,,,2.51942801677622E-15,3.93478199277571E-17,,4.90794000310732E-15,,,,,,,,,,,,,,,,,,,,,,,,,,,,,,,,,,,,,,,,,,,,,,,,,,,,,,,,,,,,,,,,,,,,,,,,,,,,,,,
90133,180.243321288549,,,,,,,,,,,,,,,,,,,,,1.09388536793483E-16,,2.21461885861674E-16,,,,,,,,,,,,,,,,,,,,,,,,,,,,,,,,,,,,,,,,,,,,,,,,,,,,,,,,,,,,,,,,,,,,,,,,,
90188,180.353376401012,,,,,,,,,,,,,,,,,,,,,,,,,,,,,,,1.44449235704769E-15,,,,,,,,,,,,,,,,,,,,,,,,,,,,,,,,,,,,,,,,,,,,,,,,,,,,,,,,,,,,,,,,,
